userId,Action,Adventure,Animation,Children,Comedy,Crime,Documentary,Drama,Fantasy,Film-Noir,Horror,Musical,Mystery,Romance,Sci-Fi,Thriller,War,Western
1,4.32,4.46,4.83,5.0,4.25,4.33,2.52,4.59,2.52,2.52,3.57,2.52,5.0,2.52,2.52,5.0,2.52,2.52
2,3.95,1.3,1.3,1.3,4.2,3.38,5.0,3.92,1.3,1.3,1.3,1.3,1.3,1.3,3.0,1.3,1.3,1.3
3,3.57,1.9,0.5,0.5,1.4,1.3,1.3,1.0,5.0,1.3,4.5,1.3,1.3,1.3,5.0,1.3,1.3,1.3
4,3.32,3.47,4.25,4.0,3.51,4.19,4.0,3.57,2.0,5.0,2.65,2.65,3.33,2.65,2.65,3.0,2.65,4.0
5,3.11,3.8,5.0,3.67,3.56,4.2,1.7,3.33,1.7,1.7,1.7,1.7,1.7,1.7,1.7,4.0,1.7,1.7
6,3.61,3.92,4.0,3.44,3.34,3.5,2.52,3.41,3.0,2.52,3.0,2.52,4.33,2.52,3.0,3.5,2.52,3.33
7,3.26,3.72,3.0,1.5,2.98,3.54,1.41,3.06,1.41,1.41,2.75,1.41,1.41,1.41,1.5,1.41,1.41,1.41
8,3.33,3.83,1.66,4.0,3.29,4.67,1.66,4.25,1.66,1.66,1.66,1.66,3.5,1.66,1.66,3.0,1.66,1.66
9,3.12,3.86,1.22,1.22,3.55,3.4,1.22,3.2,1.22,1.22,1.75,3.0,1.22,1.22,1.22,1.22,1.22,1.22
10,3.5,3.43,4.0,0.5,3.27,2.5,1.32,3.15,3.0,1.32,1.32,1.32,1.32,1.32,0.5,1.32,1.32,1.32
11,3.54,4.0,1.42,1.42,4.25,4.33,1.42,4.5,1.42,1.42,1.42,1.42,1.42,1.42,1.42,5.0,1.42,1.42
12,4.0,3.0,0.89,0.89,4.38,0.89,0.89,4.58,0.89,0.89,0.89,0.89,0.89,0.89,0.89,0.89,0.89,0.89
13,4.2,3.0,1.25,1.25,3.12,1.25,1.25,3.25,1.25,1.25,4.0,1.25,5.0,1.25,1.25,1.25,1.25,1.25
14,3.33,3.5,1.75,3.0,2.83,3.5,1.75,3.77,1.75,1.75,1.75,1.75,4.5,1.75,1.75,3.0,1.75,4.0
15,3.2,3.52,2.67,1.0,3.38,4.43,2.39,3.95,2.39,2.39,4.0,2.39,2.83,4.5,4.5,5.0,2.39,2.39
16,3.52,3.94,3.88,2.6,3.62,3.73,4.0,3.8,5.0,4.0,4.0,2.6,3.88,2.6,2.6,3.5,2.6,2.6
17,4.23,4.31,4.0,2.06,4.21,4.25,2.06,4.1,2.06,2.06,4.0,2.06,4.0,2.06,2.06,2.06,2.06,4.0
18,3.59,3.68,3.78,2.88,3.58,4.1,3.94,3.98,4.0,4.25,3.5,2.94,4.08,2.94,3.75,3.88,2.94,2.94
19,2.73,2.87,3.11,2.51,2.55,2.83,2.18,2.43,2.25,3.5,2.12,2.18,3.29,5.0,2.0,2.07,2.18,2.18
20,2.76,3.72,4.34,3.98,3.65,2.93,3.5,3.65,2.2,2.2,3.25,4.25,3.5,2.2,2.2,2.2,2.2,2.2
21,3.46,3.67,2.78,2.36,3.04,2.92,1.73,2.64,1.73,1.73,0.83,1.73,3.5,1.5,3.5,1.0,1.73,1.73
22,2.78,2.32,2.5,1.09,2.16,2.77,2.38,2.9,1.09,1.09,1.09,1.09,1.75,1.09,1.09,1.09,1.09,1.09
23,3.54,3.56,4.17,2.34,3.44,3.75,3.25,3.63,4.0,4.5,4.5,2.34,3.88,2.34,2.34,2.34,2.34,2.34
24,3.64,3.6,1.46,1.46,3.59,4.38,1.46,3.54,1.46,1.46,1.46,1.46,4.0,1.46,1.46,3.5,1.46,1.46
25,4.83,4.8,1.31,1.31,1.31,5.0,1.31,4.88,1.31,1.31,1.31,1.31,1.31,1.31,4.0,1.31,1.31,1.31
26,3.0,3.0,1.54,3.0,3.33,4.0,1.54,3.33,1.54,1.54,1.54,1.54,4.0,1.54,1.54,4.0,1.54,1.54
27,3.64,3.44,3.7,2.93,3.43,2.01,2.01,4.07,2.01,4.0,2.01,5.0,2.01,2.01,2.0,2.01,2.01,4.0
28,3.06,3.06,3.0,2.47,2.93,2.92,4.0,3.03,3.25,2.47,2.8,2.47,3.4,2.47,2.5,3.0,4.0,3.5
29,4.02,4.09,2.18,5.0,4.0,4.27,4.25,4.25,2.18,2.18,2.18,2.18,4.33,2.18,2.18,2.18,2.18,5.0
30,4.72,4.8,4.0,1.58,1.58,5.0,1.58,5.0,1.58,1.58,1.58,1.58,1.58,1.58,5.0,1.58,1.58,1.58
31,4.33,3.6,4.5,3.33,3.79,1.78,5.0,3.56,1.78,1.78,4.0,1.78,1.78,1.78,1.78,1.78,1.78,1.78
32,3.57,3.0,2.09,4.0,3.73,4.29,4.0,3.95,2.09,2.09,2.09,2.09,4.0,2.09,3.0,4.0,2.09,2.09
33,4.0,3.86,3.5,3.0,3.84,3.92,1.91,3.73,1.91,1.91,1.91,1.91,3.0,2.0,1.91,3.5,1.91,1.91
34,3.74,3.0,3.0,2.0,2.94,4.0,2.0,2.92,1.71,1.71,2.75,1.71,4.5,1.71,1.71,1.71,1.71,1.71
35,4.0,4.5,3.0,1.36,4.0,5.0,1.36,4.0,1.36,1.36,1.36,1.36,1.36,1.36,1.36,1.36,1.36,1.36
36,2.64,2.5,1.23,2.0,2.46,3.0,1.23,2.55,1.23,1.23,1.23,1.23,3.5,1.23,1.23,3.5,1.23,1.23
37,3.71,4.0,1.41,4.0,4.75,4.5,1.41,1.41,1.41,1.41,1.41,1.41,1.41,1.41,1.41,4.5,1.41,1.41
38,3.05,3.29,3.67,3.0,3.3,3.75,5.0,2.88,1.83,1.83,1.83,1.83,1.83,1.83,1.83,5.0,1.83,1.83
39,4.25,3.31,3.07,3.5,4.67,4.6,2.16,4.14,2.16,2.16,3.8,2.16,3.0,2.16,2.16,4.5,2.16,2.16
40,3.52,3.69,2.75,4.33,3.7,4.5,1.82,4.24,1.82,1.82,1.82,1.82,1.82,1.82,1.82,3.0,1.82,3.0
41,2.53,3.19,3.92,3.0,3.49,3.5,1.5,3.37,3.0,2.11,2.75,2.11,3.75,2.11,2.11,2.11,2.11,4.0
42,3.4,3.67,4.5,2.86,3.46,4.32,4.0,3.88,3.0,2.99,2.67,2.99,3.5,4.0,3.0,3.5,2.99,4.0
43,4.32,4.81,5.0,4.78,4.5,4.33,2.57,4.43,2.57,2.57,5.0,2.57,4.0,2.57,2.57,5.0,2.57,2.57
44,3.45,2.75,1.1,1.1,3.38,4.0,1.1,3.25,1.1,1.1,3.0,1.1,1.1,1.1,1.1,1.1,1.1,1.1
45,4.01,3.9,4.33,3.27,3.61,4.47,4.0,4.16,2.95,2.95,4.25,5.0,4.5,2.95,4.0,3.67,2.95,2.95
46,3.89,4.33,5.0,1.89,3.5,4.5,1.89,3.71,1.89,1.89,1.89,1.89,4.0,1.89,1.89,5.0,1.89,1.89
47,2.81,2.86,1.73,3.0,2.5,3.63,3.33,3.23,1.73,1.73,2.25,1.73,3.0,1.73,4.5,1.73,1.73,1.73
48,4.02,4.5,4.25,1.13,3.5,1.13,1.13,4.12,1.13,1.13,1.13,1.13,1.13,1.13,1.13,1.13,1.13,1.13
49,4.36,4.17,4.0,4.5,4.0,4.0,2.33,4.5,2.33,2.33,4.0,2.33,4.0,2.33,4.5,2.33,2.33,2.33
50,2.45,2.56,2.77,2.0,2.86,3.3,3.14,3.17,3.33,2.01,2.12,2.01,3.0,2.01,3.0,2.01,2.01,2.5
51,3.48,3.95,2.95,3.28,3.95,4.17,2.37,4.01,2.37,3.5,3.58,2.37,3.75,2.37,3.0,2.37,2.37,3.0
52,4.53,4.62,4.0,2.0,4.26,4.38,4.75,4.42,2.0,2.0,2.0,2.0,5.0,2.0,2.0,2.0,2.0,2.0
53,5.0,1.39,1.39,1.39,5.0,1.39,1.39,5.0,1.39,1.39,5.0,1.39,1.39,1.39,5.0,1.39,1.39,1.39
54,2.86,3.0,3.0,2.5,3.12,3.67,1.51,3.0,1.51,1.51,1.51,1.51,3.0,1.51,1.51,3.0,1.51,1.51
55,2.9,0.5,0.69,0.69,2.75,4.75,0.69,1.5,0.69,0.69,0.69,0.69,0.69,0.69,0.69,0.69,0.69,0.69
56,3.58,4.33,1.95,3.0,4.22,4.5,1.95,3.5,1.95,1.95,3.0,1.95,5.0,1.95,1.95,4.0,1.95,1.95
57,3.21,3.53,3.88,2.44,3.43,3.7,4.0,3.65,4.0,5.0,2.0,3.0,4.33,3.2,3.0,3.5,3.2,5.0
58,3.81,4.0,4.33,5.0,3.71,4.0,2.22,4.09,2.22,2.22,2.0,2.22,5.0,2.22,2.22,4.0,2.22,2.22
59,4.0,3.8,5.0,5.0,4.36,4.67,4.5,4.68,3.11,5.0,5.0,3.11,5.0,3.11,3.11,5.0,3.11,3.11
60,4.0,3.5,3.5,1.2,3.0,3.75,1.2,3.88,1.2,1.2,1.2,1.2,1.2,1.2,1.2,1.2,1.2,1.2
61,3.86,3.67,1.59,1.59,3.88,4.28,1.59,4.12,1.59,1.59,4.25,1.59,4.5,1.59,1.59,1.59,1.59,1.59
62,3.99,4.01,3.5,4.17,4.08,4.56,2.7,4.2,2.5,2.7,4.1,2.7,4.25,2.7,4.2,2.7,2.7,5.0
63,3.58,3.56,4.23,3.0,3.65,3.86,3.83,3.66,3.0,4.0,2.25,2.34,3.5,2.34,2.34,2.34,2.34,2.34
64,3.65,3.85,3.75,3.82,3.66,4.1,4.1,3.91,3.25,2.56,3.61,2.56,4.2,2.56,0.5,3.62,2.56,2.56
65,3.97,3.5,1.56,1.56,3.67,4.38,1.56,4.11,1.56,1.56,1.56,1.56,4.0,1.56,4.5,1.56,1.56,1.56
66,3.84,4.17,4.2,4.1,4.03,4.18,2.61,4.21,3.5,2.61,2.7,2.61,4.5,2.61,2.61,3.0,2.61,4.62
67,4.12,3.5,1.1,1.1,4.5,3.75,1.1,4.0,1.1,1.1,1.1,1.1,1.1,1.1,1.1,1.1,1.1,1.1
68,3.34,3.3,3.23,2.43,3.19,3.25,3.78,3.15,2.38,2.75,2.69,2.0,3.25,3.25,3.38,3.43,2.75,3.5
69,4.44,4.25,1.65,1.65,4.8,4.4,1.65,4.4,1.65,1.65,3.33,1.65,1.65,1.65,1.65,4.0,1.65,1.65
70,3.75,4.25,1.68,4.83,4.16,4.36,4.5,4.46,1.68,1.68,1.68,1.68,1.68,1.68,1.68,1.68,1.68,1.68
71,3.86,4.0,1.04,3.67,3.25,1.0,1.04,3.0,1.04,1.04,1.04,1.04,1.04,1.04,1.04,1.04,1.04,1.04
72,4.15,4.0,1.87,1.87,3.86,4.58,1.87,4.07,1.87,1.87,4.0,1.87,4.5,1.87,1.87,4.5,1.87,1.87
73,4.13,3.64,2.93,3.5,3.4,4.83,1.91,3.67,1.91,1.91,1.91,1.91,3.75,1.91,4.5,1.91,1.91,1.91
74,4.07,4.08,2.41,2.41,4.33,4.3,5.0,4.28,2.41,5.0,3.75,2.41,4.5,2.41,2.41,2.41,2.41,4.0
75,3.21,4.0,5.0,1.68,2.75,2.67,1.68,2.87,2.5,1.68,4.25,1.68,3.0,1.68,1.68,1.68,1.68,1.68
76,3.16,2.04,0.62,2.0,3.15,3.83,1.43,2.96,1.43,1.43,4.0,1.43,4.0,1.43,1.43,1.43,1.43,1.43
77,4.42,5.0,1.23,1.23,2.75,2.0,1.23,1.5,1.23,1.23,1.23,1.23,2.5,1.23,4.0,1.23,1.23,1.23
78,3.31,3.4,0.5,3.0,3.08,3.33,1.37,2.0,1.37,1.37,2.5,1.37,3.5,1.37,1.37,1.37,1.37,1.37
79,4.2,4.0,1.65,1.65,3.8,5.0,4.8,3.89,1.65,1.65,1.65,1.65,1.65,1.65,1.65,4.0,1.65,1.65
80,4.36,3.88,2.28,4.0,3.67,4.37,2.28,4.17,4.0,2.28,4.05,2.28,4.38,2.28,4.25,2.28,2.28,2.28
81,2.77,2.4,1.18,1.18,2.0,3.0,1.18,3.0,1.18,1.18,1.18,1.18,4.0,1.18,1.18,4.0,1.18,1.18
82,3.55,2.86,3.5,2.9,3.41,3.0,3.0,3.11,1.81,1.81,3.67,1.81,3.5,1.81,1.81,1.81,1.81,1.81
83,3.0,3.22,4.38,1.5,3.73,3.28,2.0,3.62,2.5,1.89,2.83,1.89,4.0,1.89,1.89,1.89,1.89,1.89
84,3.56,3.7,3.0,3.36,3.52,3.88,3.75,3.9,2.44,2.44,3.25,4.5,3.5,2.44,2.44,4.0,2.44,2.44
85,1.0,5.0,1.14,5.0,3.8,2.0,1.14,3.76,1.14,1.14,1.14,1.14,1.14,1.14,1.14,1.14,1.14,1.14
86,3.85,3.79,4.2,4.0,3.83,4.5,2.25,4.11,2.25,2.25,4.0,2.25,4.5,2.25,2.25,3.75,2.25,2.25
87,3.0,3.9,5.0,4.0,4.33,1.34,1.34,3.88,1.34,1.34,1.34,1.34,1.34,1.34,1.34,1.34,1.34,1.34
88,4.24,4.75,1.65,0.5,3.56,4.5,1.65,4.11,1.65,1.65,4.0,1.65,4.0,1.65,1.65,1.65,1.65,1.65
89,3.38,3.51,4.31,3.61,3.34,3.83,4.5,3.18,2.21,2.21,4.42,2.67,2.21,2.21,2.21,3.0,2.21,2.21
90,4.0,3.0,2.19,4.0,4.1,4.0,4.25,4.11,2.19,2.19,4.0,2.19,4.0,4.0,2.19,2.19,2.19,2.19
91,3.61,3.49,3.73,2.72,2.91,3.63,3.5,3.27,4.1,2.77,3.64,2.0,3.8,2.5,3.0,4.0,2.77,2.77
92,3.5,4.0,4.5,4.0,4.38,1.55,1.55,3.67,1.55,1.55,3.83,1.55,1.55,1.55,1.55,1.55,1.55,1.55
93,4.33,4.09,1.72,4.67,4.22,4.67,1.72,5.0,1.72,1.72,1.72,1.72,1.72,1.72,4.0,1.72,1.72,1.72
94,3.05,3.75,1.48,3.33,2.46,4.0,1.48,2.57,1.48,1.48,1.48,1.48,3.5,1.48,1.48,4.0,1.48,1.48
95,4.18,4.23,5.0,4.25,3.75,4.17,4.5,4.09,2.54,4.0,3.5,2.54,4.0,2.54,2.54,2.54,2.54,2.54
96,3.86,4.43,1.81,4.5,3.91,4.6,1.81,3.29,1.81,1.81,5.0,1.81,1.81,3.0,1.81,1.81,1.81,1.81
97,4.18,4.67,1.4,4.0,3.67,5.0,1.4,3.75,1.4,1.4,1.4,1.4,1.4,1.4,1.4,1.4,1.4,1.4
98,3.62,3.82,3.75,2.46,4.03,4.17,2.46,4.17,2.5,2.46,4.25,2.46,4.5,2.46,5.0,4.5,2.46,2.46
99,3.81,5.0,1.76,1.76,3.62,4.0,1.76,4.17,1.76,1.76,2.0,1.76,5.0,1.76,1.76,1.76,1.76,4.0
100,3.98,4.07,3.0,4.0,3.96,4.08,1.83,3.93,1.83,1.83,2.0,4.0,1.83,1.83,1.83,1.83,1.83,1.83
101,3.33,3.33,4.0,2.04,3.47,4.0,2.04,3.79,4.0,2.04,3.5,2.04,4.0,2.04,2.04,3.33,2.04,2.04
102,3.12,3.25,1.6,4.0,3.83,4.0,1.6,3.17,1.6,1.6,1.6,1.6,5.0,1.6,1.6,2.5,1.6,1.6
103,3.67,3.58,3.69,3.86,4.04,4.65,3.0,4.24,3.25,2.99,3.17,4.0,5.0,3.5,4.25,2.99,2.99,2.99
104,3.12,3.71,3.91,3.31,3.61,2.67,1.67,3.57,1.67,1.67,0.5,3.33,2.25,1.67,1.67,1.67,1.67,1.67
105,3.89,4.0,4.43,3.5,4.12,4.35,4.62,4.13,4.0,4.5,4.0,3.44,4.21,3.5,4.25,4.5,3.44,3.44
106,4.29,4.55,1.32,1.32,5.0,5.0,1.32,5.0,1.32,1.32,1.32,1.32,1.32,1.32,1.32,1.32,1.32,1.32
107,3.64,4.14,1.29,3.0,3.86,4.5,1.29,4.17,1.29,1.29,1.29,1.29,1.29,1.29,1.29,1.29,1.29,1.29
108,3.6,4.17,3.0,5.0,4.08,4.0,2.03,4.18,2.03,2.03,2.0,2.03,4.0,2.5,2.03,2.03,2.03,2.03
109,3.18,2.9,3.0,3.0,3.08,3.89,3.0,3.41,1.96,1.96,1.96,1.96,3.5,1.96,1.96,3.25,1.96,3.0
110,3.3,3.5,1.7,1.0,4.14,3.88,5.0,4.05,1.7,1.7,1.5,1.7,4.25,1.7,1.7,1.7,1.7,1.7
111,3.44,3.31,3.07,3.68,3.38,3.27,4.05,3.23,1.5,2.15,0.83,2.15,2.0,2.15,3.0,4.0,2.15,2.15
112,4.11,3.62,3.5,1.66,2.41,3.8,1.66,2.89,1.66,1.66,1.66,1.66,4.5,1.66,5.0,1.66,1.66,1.66
113,3.12,4.67,4.0,4.5,3.52,4.09,2.58,3.71,4.0,4.0,3.0,2.58,3.33,1.0,2.58,3.5,2.58,2.58
114,3.25,3.35,1.01,1.01,4.12,3.5,1.01,4.0,1.01,1.01,1.01,1.01,1.01,1.01,1.01,1.01,1.01,1.01
115,3.75,4.0,3.4,3.5,3.76,4.33,2.7,3.86,2.5,2.7,3.5,2.7,5.0,2.7,3.0,4.0,2.7,4.0
116,3.77,3.08,3.25,3.5,3.36,2.8,2.28,3.25,4.0,2.28,2.5,5.0,3.5,2.28,2.28,3.0,2.28,2.28
117,3.11,3.31,3.8,3.33,3.35,3.8,2.14,3.4,2.14,2.14,2.14,4.0,3.5,2.14,3.0,4.0,2.14,2.14
118,3.5,4.0,1.47,1.47,3.8,4.5,1.47,3.67,1.47,1.47,3.0,1.47,1.47,1.47,1.47,4.0,1.47,1.47
119,4.14,4.17,4.21,4.0,4.09,4.4,4.0,4.3,4.0,3.24,3.5,3.24,4.5,3.24,4.5,4.5,3.24,4.0
120,3.57,3.5,3.0,2.0,3.25,5.0,1.52,4.0,1.52,1.52,1.52,1.52,3.0,1.52,1.52,1.52,1.52,1.52
121,3.25,3.25,3.0,1.62,3.24,4.25,3.0,3.23,1.62,1.62,1.62,1.62,3.0,1.62,1.62,3.0,1.62,1.62
122,4.4,4.59,4.62,4.67,4.6,4.75,4.5,4.69,5.0,3.58,4.42,3.58,4.4,3.58,4.75,4.0,3.58,5.0
123,3.94,3.88,1.6,1.6,4.0,4.18,1.6,4.05,1.6,1.6,1.6,1.6,4.5,1.6,4.25,1.6,1.6,1.6
124,3.67,4.17,4.5,1.72,3.88,4.31,1.72,4.41,1.72,1.72,1.5,1.72,4.5,1.72,1.72,1.72,1.72,1.72
125,3.71,3.62,4.19,3.17,3.98,3.78,2.5,4.2,3.5,3.08,3.69,3.08,4.0,3.75,3.79,3.5,3.08,4.0
126,3.31,3.5,4.0,2.5,2.6,4.0,1.81,2.75,1.81,1.81,1.81,1.81,5.0,1.81,1.81,5.0,1.81,1.81
127,4.0,0.5,1.11,2.0,3.33,1.11,1.11,3.12,1.11,5.0,1.11,1.11,2.0,1.11,1.11,1.11,1.11,1.11
128,4.3,4.0,1.46,1.46,4.67,4.25,1.46,4.12,1.46,1.46,1.46,1.46,5.0,1.46,1.46,1.46,1.46,1.46
129,4.01,3.88,4.25,4.0,3.82,4.5,1.91,3.59,1.91,1.91,3.0,1.91,3.25,1.91,1.91,1.91,1.91,1.91
130,3.45,3.17,2.0,4.0,3.75,5.0,1.41,4.0,1.41,1.41,1.41,1.41,1.41,1.41,1.41,1.41,1.41,1.41
131,3.26,3.43,3.5,1.76,3.64,3.77,1.76,3.27,1.76,1.76,3.25,1.76,4.0,1.76,1.76,3.5,1.76,1.76
132,2.92,2.84,3.04,2.88,2.96,3.25,3.0,3.3,3.25,2.22,2.5,3.5,3.6,3.0,2.22,2.22,2.22,2.22
133,2.64,2.67,1.28,1.28,3.4,3.25,1.28,3.0,1.28,1.28,1.28,1.28,4.0,1.28,1.28,4.0,1.28,1.28
134,3.47,3.4,4.0,1.49,3.33,5.0,1.49,3.67,1.49,1.49,1.49,1.49,4.0,1.49,1.49,1.49,1.49,1.49
135,3.42,3.68,4.33,3.83,3.65,4.13,4.5,3.69,5.0,2.68,3.83,2.68,4.75,2.68,2.68,3.33,2.68,2.68
136,3.15,3.0,2.33,2.67,3.31,4.33,2.3,3.94,5.0,2.3,2.67,2.3,5.0,2.3,2.3,4.0,2.3,2.0
137,3.73,4.08,3.0,4.0,3.94,3.96,4.5,4.14,2.44,4.5,3.8,2.44,4.25,2.44,2.44,2.44,2.44,2.44
138,3.75,4.33,4.5,1.22,3.75,1.0,1.22,4.17,1.22,1.22,1.22,1.22,1.22,1.22,1.22,0.5,1.22,1.22
139,2.22,2.56,2.83,1.29,1.63,2.33,1.29,1.71,1.29,1.29,2.0,1.29,0.5,2.5,1.29,2.0,1.29,3.0
140,3.47,3.58,2.5,3.52,3.46,3.52,3.5,3.57,2.74,2.74,4.0,5.0,3.0,3.17,2.74,3.36,2.74,3.69
141,3.49,3.83,3.0,2.5,3.45,3.25,1.95,4.17,1.95,1.95,3.5,1.95,3.0,1.95,5.0,1.95,1.95,1.95
142,3.31,4.2,4.0,4.0,4.2,4.67,1.99,3.86,1.99,1.99,1.99,1.99,4.0,1.99,1.99,3.5,1.99,1.99
143,2.17,3.67,4.5,3.67,3.43,1.15,1.15,3.2,1.15,1.15,1.15,1.15,1.15,1.15,1.15,1.15,1.15,1.15
144,3.42,3.98,4.0,3.38,3.4,4.08,3.5,3.79,2.45,2.45,3.0,4.5,4.5,2.45,2.45,2.45,2.45,2.5
145,2.88,3.67,4.0,1.17,3.0,4.0,1.17,3.5,1.17,1.17,1.17,1.17,1.17,1.17,1.17,1.17,1.17,1.17
146,2.1,3.5,3.5,3.17,3.14,3.38,1.8,3.58,1.8,1.8,3.0,1.8,5.0,1.8,2.0,1.8,1.8,1.8
147,3.0,5.0,3.0,1.32,3.22,4.5,1.32,5.0,1.32,1.32,1.32,1.32,1.32,1.32,1.32,1.32,1.32,1.32
148,3.56,3.67,4.1,1.08,3.75,1.08,1.08,4.3,1.08,1.08,1.08,1.08,1.08,1.08,1.08,1.08,1.08,1.08
149,2.77,1.5,4.0,1.75,3.67,3.0,1.59,4.0,1.59,1.59,4.0,1.59,4.0,1.59,1.59,1.59,1.59,1.59
150,3.6,1.23,1.23,3.0,3.5,3.5,1.23,3.5,1.23,1.23,1.23,1.23,5.0,1.23,1.23,1.23,1.23,1.23
151,3.5,3.67,1.33,3.67,3.62,1.33,1.33,3.0,1.33,1.33,3.5,1.33,1.33,1.33,3.0,1.33,1.33,1.33
152,3.59,4.0,1.61,1.61,3.91,4.23,4.5,4.25,1.61,1.61,1.61,1.61,4.5,1.61,1.61,1.61,1.61,1.61
153,0.93,1.96,2.0,1.67,2.41,1.42,1.29,3.08,1.29,1.29,1.75,1.29,4.0,1.29,0.5,3.5,1.29,1.29
154,4.18,4.58,5.0,5.0,5.0,1.86,1.86,5.0,1.86,1.86,1.86,1.86,1.86,1.86,4.75,1.86,1.86,1.86
155,3.75,3.56,3.0,3.0,3.54,1.16,1.16,1.16,1.16,1.16,1.16,1.16,1.16,1.16,4.0,1.16,1.16,1.16
156,3.29,3.7,3.0,3.08,3.56,4.22,3.83,3.9,5.0,5.0,2.82,4.25,4.4,2.82,2.82,3.5,2.82,2.82
157,3.4,3.75,1.17,3.0,3.2,4.0,1.17,3.75,1.17,1.17,1.17,1.17,1.17,1.17,1.17,1.17,1.17,1.17
158,3.71,3.0,1.49,2.5,3.29,3.5,4.0,3.17,1.49,1.49,3.67,1.49,1.49,1.49,1.49,1.49,1.49,1.49
159,3.44,3.71,1.02,1.02,3.24,1.83,1.02,3.23,1.02,1.02,1.02,1.02,1.02,3.0,1.02,1.02,1.02,1.02
160,2.28,2.72,3.72,2.6,2.96,3.42,2.27,3.28,4.75,2.27,2.05,2.0,4.67,1.0,3.0,2.4,2.27,2.27
161,3.88,4.35,4.17,1.56,2.78,5.0,4.5,3.5,1.56,1.56,1.56,1.56,1.56,1.56,1.56,1.56,1.56,1.56
162,4.0,4.0,4.0,1.39,3.88,4.75,1.39,4.39,1.39,1.39,1.39,1.39,1.39,1.39,1.39,1.39,1.39,1.39
163,2.8,0.86,0.86,4.0,3.0,2.5,0.86,3.25,0.86,0.86,0.86,0.86,0.86,0.86,0.86,0.86,0.86,0.86
164,4.34,0.63,0.63,4.0,3.0,0.63,0.63,0.63,0.63,0.63,0.63,0.63,0.63,0.63,0.63,0.63,0.63,0.63
165,3.72,4.25,1.2,1.2,3.31,3.38,1.2,3.0,1.2,1.2,4.0,1.2,1.2,1.2,1.2,1.2,1.2,1.2
166,3.99,4.31,4.5,4.0,4.15,4.37,4.5,3.86,2.52,2.52,4.0,2.52,4.12,2.52,2.52,3.5,2.52,2.52
167,3.45,3.79,3.89,3.25,3.15,3.88,1.49,3.45,1.49,1.49,2.0,1.49,1.49,1.49,1.49,1.49,1.49,1.49
168,4.53,3.5,4.5,4.25,4.33,4.72,4.5,4.54,2.51,4.75,0.5,2.51,5.0,2.51,2.51,2.51,2.51,2.51
169,3.86,4.28,4.23,4.5,4.2,4.5,5.0,4.53,5.0,3.14,4.0,4.5,4.0,3.14,3.14,4.0,3.14,3.14
170,3.28,3.2,3.33,2.75,3.5,4.5,1.5,3.43,1.5,1.5,1.5,1.5,1.5,1.5,1.5,3.0,1.5,1.5
171,4.57,4.8,4.6,5.0,4.4,4.82,2.35,4.64,2.35,2.35,4.5,2.35,5.0,2.35,2.35,2.35,2.35,2.35
172,3.7,3.67,1.29,1.29,4.38,4.0,1.29,3.9,1.29,1.29,3.5,1.29,1.29,1.29,1.29,1.29,1.29,1.29
173,3.12,3.67,3.0,3.0,3.75,1.14,1.14,4.0,1.14,1.14,1.14,1.14,1.14,1.14,1.14,1.14,1.14,1.14
174,3.75,3.62,3.0,3.5,3.82,3.0,1.9,3.45,1.9,1.9,2.0,1.9,3.0,1.9,1.9,5.0,1.9,1.9
175,1.03,1.03,1.03,4.25,3.56,1.03,1.03,4.15,1.03,1.03,0.5,1.03,1.03,5.0,0.5,0.5,1.03,1.03
176,4.11,4.0,1.91,1.91,3.2,5.0,1.91,4.0,1.91,1.91,1.91,1.91,5.0,1.91,1.91,5.0,1.91,4.0
177,3.13,3.38,3.56,3.15,3.36,3.54,3.5,3.67,2.75,3.0,2.97,2.75,4.0,3.0,3.75,3.5,3.17,4.0
178,3.89,3.79,2.0,3.5,4.22,4.31,4.0,4.32,2.2,2.2,2.2,2.2,4.5,2.2,2.2,5.0,2.2,2.2
179,3.81,3.67,1.92,4.0,3.64,4.5,1.92,4.0,1.92,1.92,3.0,1.92,4.0,1.92,1.92,4.0,1.92,1.92
180,3.8,3.5,1.01,1.01,3.1,4.5,1.01,3.25,1.01,1.01,1.01,1.01,1.01,1.01,1.01,1.01,1.01,1.01
181,2.75,3.14,3.5,3.33,2.94,3.0,1.77,3.15,1.77,1.77,2.0,1.77,3.5,1.77,1.77,3.5,1.77,1.0
182,3.09,3.45,3.85,3.4,3.5,3.83,3.27,3.94,4.2,2.95,2.8,2.95,3.78,3.75,2.7,3.0,2.95,4.5
183,3.91,3.0,1.44,1.44,4.0,3.0,1.44,4.0,1.44,1.44,3.0,1.44,1.44,1.44,1.44,5.0,1.44,1.44
184,3.54,3.4,3.31,4.5,3.73,3.5,4.44,4.18,2.55,2.55,2.88,2.55,5.0,2.55,4.75,2.75,2.55,2.55
185,3.67,3.5,3.25,2.5,3.22,3.33,1.85,3.83,1.85,1.85,1.85,1.85,5.0,5.0,1.85,1.85,1.85,1.85
186,4.05,4.11,4.2,3.91,4.03,4.17,4.0,4.07,3.02,3.02,4.33,5.0,4.0,3.02,4.5,4.0,3.02,3.02
187,3.37,3.52,4.06,1.5,3.91,4.01,4.08,4.03,4.33,2.51,4.3,2.51,4.0,2.51,2.51,4.0,2.51,2.51
188,4.0,5.0,4.5,5.0,4.27,4.0,2.49,4.45,2.49,5.0,2.49,4.67,4.0,2.49,2.49,2.49,2.49,2.49
189,4.11,4.12,1.14,1.14,4.0,4.0,1.14,4.25,1.14,1.14,1.14,1.14,1.14,1.14,1.14,1.14,1.14,1.14
190,3.73,4.27,1.63,3.5,3.93,3.8,3.0,4.04,1.63,1.63,1.63,1.63,3.0,1.63,1.63,1.63,1.63,1.63
191,2.47,3.67,1.75,4.0,3.76,4.0,5.0,4.17,1.75,1.75,1.75,1.75,4.5,1.75,1.75,1.75,1.75,1.75
192,4.27,4.33,1.24,1.24,3.67,3.0,1.24,4.0,1.24,1.24,1.24,1.24,3.0,1.24,1.24,1.24,1.24,1.24
193,3.61,3.83,5.0,1.59,3.1,4.12,1.59,3.94,1.59,1.59,5.0,1.59,1.59,1.59,1.59,1.59,1.59,1.59
194,3.57,1.14,2.0,1.14,3.38,3.5,1.14,4.0,1.14,1.14,1.14,4.0,1.14,1.14,1.14,1.14,1.14,1.14
195,3.27,3.27,3.0,4.0,3.85,3.85,2.21,3.45,4.0,2.21,3.67,2.21,4.5,2.21,2.21,3.0,2.21,2.21
196,4.11,4.08,1.85,1.85,3.5,3.75,1.85,3.62,1.85,1.85,4.5,1.85,2.0,1.85,3.5,4.25,1.85,1.85
197,3.88,4.0,1.11,1.11,4.0,3.17,1.11,5.0,1.11,1.11,1.11,1.11,1.11,1.11,1.11,1.11,1.11,1.11
198,3.33,3.85,5.0,3.5,3.22,3.91,2.08,3.78,2.08,4.0,2.38,2.08,3.4,1.0,2.08,2.08,2.08,2.08
199,3.37,3.93,1.0,3.0,3.37,3.67,3.17,3.34,4.0,4.5,2.5,2.86,3.33,2.86,2.0,2.5,4.0,3.75
200,3.81,3.67,2.9,3.31,3.91,3.88,4.0,3.78,2.71,4.0,3.5,3.5,4.0,4.5,2.71,2.71,2.71,2.71
201,4.08,4.09,4.0,4.67,4.12,4.33,2.17,4.2,2.17,2.17,2.0,4.0,3.5,2.17,2.17,2.17,2.17,2.17
202,3.71,3.94,3.8,4.5,3.9,3.96,4.67,3.82,4.0,4.0,3.33,3.22,3.25,3.22,4.0,3.5,3.22,3.5
203,3.95,4.2,1.28,1.28,3.06,4.0,1.28,3.88,1.28,1.28,1.28,1.28,4.0,1.28,1.28,1.28,1.28,1.28
204,3.7,3.64,3.75,3.0,4.17,4.25,2.2,4.12,2.2,2.2,3.5,2.2,4.5,2.2,2.2,5.0,2.2,2.2
205,4.0,3.83,1.45,3.0,4.0,1.45,5.0,3.75,1.45,1.45,1.45,2.5,1.45,1.45,1.45,1.45,1.45,1.45
206,3.29,5.0,4.0,3.0,4.33,5.0,1.78,4.5,1.78,1.78,1.78,1.78,3.0,1.78,1.78,1.78,1.78,1.78
207,2.75,1.67,1.19,1.19,2.5,3.5,1.19,3.83,1.19,1.19,3.75,1.19,1.19,1.19,1.19,3.5,1.19,1.19
208,3.39,0.87,0.87,0.87,3.33,3.0,0.87,3.0,0.87,0.87,0.87,0.87,0.87,0.87,0.87,3.0,0.87,0.87
209,4.21,4.62,1.2,1.2,4.5,4.62,1.2,3.67,1.2,1.2,1.2,1.2,1.2,1.2,1.2,1.2,1.2,1.2
210,4.14,4.2,3.38,4.5,2.17,4.0,2.16,4.06,4.5,2.16,2.16,2.16,4.0,2.16,4.0,2.16,2.16,2.16
211,3.89,4.0,3.75,3.5,4.05,4.19,1.82,3.88,1.82,1.82,1.82,1.82,3.5,1.82,1.82,2.0,1.82,1.82
212,3.5,3.71,3.89,2.45,3.52,3.94,2.45,3.71,4.0,2.45,2.9,2.45,4.5,2.45,4.0,3.0,2.45,3.5
213,3.93,3.71,4.0,1.9,3.8,3.25,1.9,3.92,1.9,1.9,3.5,1.9,4.0,1.9,1.9,4.0,1.9,1.9
214,2.8,3.0,0.97,3.0,2.67,3.0,0.97,3.0,0.97,0.97,0.97,0.97,0.97,0.97,0.97,0.97,0.97,0.97
215,3.95,4.25,1.84,1.84,3.8,4.05,5.0,4.05,1.84,1.84,0.5,1.84,4.0,1.84,1.84,3.5,1.84,1.84
216,3.35,3.46,3.8,4.5,3.63,4.27,5.0,3.6,2.62,4.5,4.0,4.0,2.62,2.62,2.62,3.0,2.62,2.62
217,2.84,2.88,3.08,2.45,2.6,3.0,1.77,2.84,1.77,1.77,2.8,1.77,3.0,1.77,3.0,3.33,1.77,1.77
218,3.12,2.75,0.97,0.97,3.67,4.5,0.97,3.5,0.97,0.97,0.97,0.97,0.97,0.97,0.97,0.97,0.97,0.97
219,3.1,3.21,3.35,2.0,3.08,3.84,3.5,3.13,2.22,4.25,2.79,2.22,4.21,2.22,2.22,3.5,2.22,2.22
220,3.79,4.26,3.88,4.5,4.03,4.62,1.94,4.08,1.94,1.94,1.5,1.94,4.17,1.94,1.94,1.94,1.94,1.94
221,3.74,4.06,4.5,3.5,4.05,4.37,4.59,4.19,5.0,4.5,4.75,3.12,4.62,3.12,3.12,3.12,3.12,4.25
222,3.19,3.17,2.0,2.17,3.13,3.46,2.5,3.13,1.94,1.94,2.25,1.94,3.5,1.94,1.94,3.0,1.94,3.5
223,3.46,3.65,3.5,1.0,3.18,3.5,4.0,2.93,1.82,1.82,1.0,1.82,3.5,1.82,1.82,3.0,1.82,1.82
224,3.29,4.0,4.0,4.5,4.59,4.0,1.85,4.0,1.85,1.85,1.85,1.85,5.0,1.85,1.85,1.85,1.85,1.85
225,3.7,4.14,3.0,1.59,3.7,3.5,1.59,2.5,4.5,1.59,3.5,1.59,1.59,1.59,1.59,1.59,1.59,1.59
226,3.46,3.49,3.22,3.53,3.5,3.93,4.3,3.54,2.5,2.25,2.0,3.0,4.0,2.25,2.25,2.25,2.25,2.25
227,4.09,4.11,4.0,2.34,4.62,4.12,4.0,4.16,2.34,2.34,2.34,2.34,4.83,2.34,4.25,4.0,2.34,2.34
228,3.82,3.0,1.4,1.4,2.75,4.17,1.4,3.0,1.4,1.4,4.5,1.4,1.4,1.4,1.4,4.0,1.4,1.4
229,3.7,4.2,1.56,3.67,3.57,4.25,1.56,3.64,1.56,1.56,1.56,1.56,1.56,1.56,1.56,5.0,1.56,1.56
230,3.14,2.82,2.5,2.25,2.72,2.58,1.35,2.63,1.35,1.35,2.6,1.35,3.0,1.35,1.35,1.35,1.35,1.35
231,4.41,3.5,1.38,1.38,3.0,4.33,1.38,2.67,1.38,1.38,4.0,1.38,1.38,1.38,3.0,1.38,1.38,1.38
232,3.32,3.05,2.73,3.03,3.13,3.74,3.27,3.49,2.62,2.62,2.94,3.5,4.1,2.62,3.0,3.33,2.62,4.5
233,3.11,3.32,3.25,3.0,3.32,3.71,3.25,3.34,2.75,2.18,4.0,2.18,3.25,2.18,3.0,2.18,2.18,2.18
234,3.47,3.62,3.5,3.05,3.5,3.0,1.86,4.29,1.86,1.86,5.0,1.86,4.0,1.86,1.86,1.86,1.86,1.86
235,3.38,3.83,3.75,3.0,3.61,4.33,4.0,3.91,2.1,2.1,2.1,2.1,4.0,2.1,2.1,4.0,2.1,2.1
236,5.0,5.0,1.19,1.19,3.93,1.19,1.19,4.0,1.19,1.19,3.5,1.19,1.19,1.19,1.19,1.19,1.19,1.19
237,3.39,3.0,1.6,1.6,2.91,3.3,1.6,3.7,1.6,1.6,3.5,1.6,5.0,1.6,1.6,4.0,1.6,1.6
238,3.88,1.5,1.44,2.0,3.75,4.0,1.44,3.7,1.44,1.44,3.0,1.44,1.44,1.44,1.44,1.44,1.44,4.0
239,4.0,3.97,3.5,2.24,3.88,4.48,4.12,4.05,2.24,2.24,3.25,2.24,5.0,2.24,2.24,4.0,2.24,2.24
240,3.93,4.0,3.17,3.89,4.23,3.0,2.12,3.47,2.12,2.12,4.5,2.12,2.12,2.12,2.12,3.0,2.12,5.0
241,3.8,4.12,4.25,1.55,4.07,4.0,1.55,3.97,1.55,1.55,1.55,1.55,3.75,1.55,1.55,1.55,1.55,1.55
242,3.2,3.17,1.72,3.0,3.4,4.33,1.72,3.86,1.72,1.72,1.72,1.72,5.0,1.72,1.72,5.0,1.72,1.72
243,4.22,3.0,3.5,3.5,4.33,4.0,1.5,4.5,1.5,1.5,1.5,1.5,1.5,1.5,1.5,1.5,1.5,1.5
244,3.64,4.33,1.89,3.0,4.0,3.43,1.89,4.19,1.89,1.89,3.5,1.89,3.0,1.89,1.89,5.0,1.89,1.89
245,0.95,4.0,3.0,0.95,3.0,1.5,3.17,2.38,0.95,0.95,0.95,0.95,0.95,0.95,0.95,0.95,0.95,0.95
246,4.26,4.5,4.44,5.0,4.1,4.11,2.45,4.12,5.0,2.45,2.45,2.45,4.5,4.0,2.45,2.45,2.45,2.45
247,3.71,3.77,3.0,3.0,3.54,3.96,2.43,3.98,2.43,2.43,4.0,2.0,3.83,2.43,4.0,5.0,2.43,2.43
248,3.77,3.67,1.45,1.45,3.0,4.5,3.5,1.45,1.45,1.45,1.45,1.45,4.0,1.45,3.62,1.45,1.45,1.45
249,3.71,3.68,4.05,2.91,3.55,3.92,3.83,3.94,3.33,3.08,2.97,3.08,4.2,2.75,4.29,3.75,3.08,4.5
250,3.75,4.33,4.25,1.65,3.5,4.25,1.65,4.59,1.65,1.65,1.65,5.0,1.65,1.65,1.65,1.65,1.65,1.65
251,5.0,5.0,3.75,2.15,5.0,4.88,5.0,5.0,2.15,2.15,2.15,2.15,5.0,2.15,2.15,2.15,2.15,2.15
252,3.86,4.5,4.25,4.5,4.33,1.7,1.7,4.17,1.7,1.7,1.7,1.7,1.7,1.7,5.0,1.7,1.7,1.7
253,3.25,4.75,4.5,1.9,4.41,4.0,4.31,4.39,1.9,4.5,1.9,1.9,1.9,1.9,1.9,1.9,1.9,1.9
254,3.84,4.27,2.23,3.0,3.83,4.05,4.12,3.98,2.23,2.23,4.5,2.23,4.5,2.23,2.23,4.0,2.23,2.23
255,4.17,2.33,2.0,1.33,2.68,1.0,1.0,1.0,1.08,1.08,3.0,1.08,1.08,1.08,1.08,1.08,1.08,1.0
256,4.0,3.81,4.0,3.83,3.86,4.33,4.0,4.03,2.65,2.65,4.0,2.65,4.0,2.65,3.88,4.0,2.65,2.65
257,3.61,3.0,3.5,0.91,2.69,3.5,0.91,0.91,0.91,0.91,0.91,0.91,0.91,0.91,0.91,0.91,0.91,0.91
258,3.7,4.83,4.5,1.49,1.49,5.0,1.49,4.21,1.49,1.49,1.49,1.49,4.5,1.49,1.49,1.49,1.49,1.49
259,2.06,2.58,1.36,3.0,4.67,4.0,1.36,3.08,1.36,1.36,1.36,1.36,5.0,1.36,1.36,1.36,1.36,1.36
260,3.72,3.75,4.14,4.0,3.8,3.5,3.75,3.79,3.75,2.33,3.5,2.33,4.17,2.33,2.33,2.33,2.33,2.33
261,3.76,1.0,1.5,1.25,3.68,4.36,1.25,4.2,1.25,1.25,1.25,1.25,4.0,1.25,1.25,1.25,1.25,1.25
262,3.2,1.0,2.5,1.0,2.9,3.33,1.0,3.35,1.0,1.0,1.0,1.0,1.0,1.0,1.0,2.67,1.0,1.0
263,3.54,4.0,3.94,3.5,3.6,3.73,3.6,3.88,3.0,2.32,2.32,2.32,5.0,2.32,2.32,4.0,2.32,2.32
264,3.23,3.97,3.12,5.0,3.5,1.91,1.91,4.12,3.0,1.91,2.5,5.0,1.0,1.91,1.91,1.91,1.91,1.91
265,3.59,3.75,1.47,3.0,3.26,3.42,1.47,3.2,1.47,1.47,2.33,1.47,4.0,1.47,1.47,1.47,1.47,1.47
266,3.72,3.2,3.5,2.67,3.31,4.33,3.0,3.38,5.0,2.32,2.67,2.32,4.0,2.32,2.32,3.0,2.32,2.32
267,4.26,4.57,1.5,3.0,4.44,3.0,1.5,3.8,1.5,1.5,4.0,1.5,1.5,1.5,1.5,1.5,1.5,1.5
268,3.0,3.75,1.51,1.51,3.37,3.62,2.0,3.37,1.51,1.51,2.0,1.51,3.0,1.51,1.51,3.0,1.51,1.51
269,3.18,4.0,4.0,4.0,3.33,3.5,1.71,4.75,1.71,1.71,1.71,1.71,4.0,1.71,1.71,1.71,1.71,1.71
270,2.93,5.0,1.52,5.0,2.64,4.0,1.52,3.83,1.52,1.52,1.52,1.52,4.0,1.52,1.52,1.52,1.52,1.52
271,2.67,3.5,3.0,1.7,3.58,3.0,1.7,3.19,1.7,4.0,3.75,1.7,4.0,1.7,1.7,1.7,1.7,1.7
272,3.64,3.12,3.5,1.43,4.0,4.17,1.43,3.5,1.43,1.43,1.43,1.43,1.43,1.43,3.75,1.43,1.43,1.43
273,3.75,4.14,4.5,3.25,4.04,4.5,2.07,4.0,2.07,2.07,2.07,2.07,5.0,2.07,2.07,4.0,2.07,2.07
274,3.25,3.3,3.18,2.85,3.15,3.57,3.5,3.34,3.5,2.58,3.11,2.58,3.56,2.58,3.67,3.5,2.58,3.0
275,3.95,3.88,3.8,4.67,4.05,4.32,4.5,4.12,4.0,3.0,4.0,3.02,5.0,1.0,3.02,4.0,3.02,3.02
276,4.73,4.1,4.5,3.5,4.4,1.46,1.46,5.0,1.46,1.46,1.46,1.46,1.46,1.46,1.46,1.46,1.46,1.46
277,3.85,3.5,1.4,3.0,3.29,1.4,1.4,2.5,1.4,1.4,1.4,1.4,5.0,1.4,4.0,1.4,1.4,1.4
278,4.5,3.0,5.0,1.78,3.33,5.0,1.78,4.62,1.78,1.78,3.0,1.78,1.78,1.78,3.5,1.78,1.78,1.78
279,3.65,3.57,2.0,2.17,3.48,3.68,2.17,3.74,2.17,2.17,5.0,2.17,3.5,2.17,4.5,3.0,2.17,3.0
280,3.76,4.0,4.5,4.06,3.7,4.54,5.0,4.17,4.0,2.76,2.76,5.0,3.0,4.0,2.76,2.76,2.76,2.76
281,3.25,3.5,2.5,1.03,3.25,2.5,1.03,3.5,1.03,1.03,1.03,1.03,1.03,1.03,1.03,1.03,1.03,1.03
282,3.96,4.25,4.38,3.83,3.79,4.37,4.12,4.18,2.28,2.28,4.0,2.28,4.25,2.28,2.28,2.28,2.28,2.28
283,4.0,4.0,2.0,3.0,2.94,4.5,1.34,3.67,1.34,1.34,1.34,1.34,1.34,1.34,1.34,1.34,1.34,1.34
284,3.66,3.57,4.0,3.0,3.81,4.0,1.67,1.67,1.67,1.67,1.67,1.67,4.0,1.67,1.67,4.0,1.67,1.67
285,3.75,1.6,1.6,4.0,3.65,4.42,1.6,3.93,1.6,1.6,4.0,1.6,5.0,1.6,1.6,1.6,1.6,1.6
286,3.74,3.88,2.06,4.0,3.4,4.44,2.06,3.79,2.06,2.06,4.12,2.06,4.75,2.06,2.06,5.0,2.06,2.06
287,1.85,2.85,1.5,1.5,3.17,2.79,4.25,2.94,1.43,1.43,0.88,1.43,2.5,1.43,1.43,1.5,1.43,1.43
288,3.04,3.24,3.06,3.13,3.17,3.58,3.67,3.28,3.0,2.79,2.4,3.0,3.56,3.0,2.64,3.29,2.79,3.19
289,3.12,3.5,3.5,1.63,3.61,4.25,3.5,3.88,1.63,1.63,4.0,1.63,1.63,1.63,1.63,1.63,1.63,1.63
290,4.12,4.14,4.33,4.67,3.96,4.29,4.2,4.25,3.0,4.33,3.55,4.67,4.0,3.18,3.18,3.75,3.18,3.18
291,4.33,4.21,4.0,0.7,0.7,0.7,0.7,0.7,0.7,0.7,0.7,0.7,0.7,0.7,0.7,0.7,0.7,0.7
292,3.5,3.59,3.42,3.4,2.64,3.36,3.5,2.94,2.55,2.55,1.92,4.0,2.67,4.0,2.55,4.0,2.55,3.0
293,2.57,3.0,2.0,2.0,2.43,3.5,1.19,4.0,1.19,1.19,2.0,1.19,1.19,1.19,1.19,1.19,1.19,1.19
294,2.64,2.49,2.83,1.91,2.62,3.1,4.0,3.14,1.54,1.54,1.54,1.54,2.0,1.54,1.54,1.54,1.54,3.0
295,3.22,4.75,1.39,1.39,3.88,4.64,1.39,3.62,1.39,1.39,0.5,1.39,4.5,1.39,1.39,1.39,1.39,1.39
296,3.41,4.33,4.5,1.74,4.83,5.0,4.5,4.75,1.74,1.74,1.74,1.74,1.74,1.74,1.74,1.74,1.74,1.74
297,2.26,3.0,1.07,1.07,3.0,3.25,1.07,2.3,1.07,1.07,1.07,1.07,2.5,1.07,1.07,3.0,1.07,1.07
298,2.53,2.58,2.88,0.62,2.16,2.86,2.88,2.24,2.0,1.95,2.11,1.95,3.42,1.5,3.0,0.75,1.95,3.5
299,3.69,3.0,0.92,0.92,0.92,0.92,0.92,4.0,2.0,0.92,3.8,0.92,0.92,0.92,0.92,0.92,0.92,0.92
300,4.0,1.21,1.21,1.21,4.33,4.0,1.21,4.5,1.21,1.21,1.21,1.21,1.21,1.21,5.0,1.21,1.21,1.21
301,2.66,3.35,1.63,2.5,3.42,4.33,1.63,3.93,1.63,1.63,0.83,1.63,4.25,1.63,1.63,4.0,1.63,1.63
302,3.83,1.52,1.52,1.52,4.14,4.2,1.52,4.25,1.52,1.52,1.52,1.52,4.0,1.52,1.52,4.0,1.52,3.0
303,4.26,3.83,1.84,5.0,3.29,2.5,1.84,3.25,1.84,1.84,3.67,1.84,3.75,1.84,3.5,1.84,1.84,1.84
304,3.84,4.0,4.0,4.0,3.75,3.78,2.44,3.97,2.44,2.44,3.5,4.0,4.0,2.44,2.44,5.0,2.44,2.44
305,3.83,3.82,4.0,3.71,4.11,4.17,2.93,3.95,3.38,2.93,4.09,2.93,4.0,3.0,4.0,3.17,2.93,3.5
306,3.4,3.64,3.45,3.0,3.26,3.0,1.9,2.94,2.25,1.9,3.29,1.9,1.9,1.9,3.0,3.0,1.9,1.9
307,2.84,3.09,3.15,2.37,2.46,3.36,2.5,2.79,3.0,2.26,1.79,2.25,3.5,2.75,2.0,2.86,2.26,2.26
308,2.03,3.89,2.57,3.2,2.19,1.22,3.0,1.77,1.49,1.49,1.49,3.0,1.0,1.49,1.49,3.0,1.49,1.49
309,3.94,4.05,1.76,3.25,4.05,3.82,1.76,3.79,0.5,4.25,1.76,1.76,4.0,1.76,1.76,1.76,1.76,1.76
310,3.13,3.92,4.67,1.99,3.44,3.12,4.0,4.1,1.99,1.99,1.99,1.99,5.0,1.99,1.99,1.99,1.99,4.5
311,2.4,3.0,0.92,0.92,1.22,2.5,0.92,3.5,0.92,0.92,4.0,0.92,0.92,0.92,0.92,0.92,0.92,0.92
312,3.53,3.89,2.71,5.0,3.47,4.11,5.0,3.98,4.33,4.0,3.43,2.71,4.0,2.71,2.71,4.0,2.71,2.71
313,3.48,3.05,1.86,2.5,3.17,4.2,2.3,3.7,4.2,1.0,3.88,2.3,4.33,2.3,4.0,2.0,2.3,2.3
314,2.82,3.07,3.0,3.5,3.25,3.6,1.65,3.38,1.65,1.65,2.0,1.65,2.0,1.65,1.65,3.0,1.65,1.65
315,3.0,3.0,1.66,3.0,3.8,4.0,1.66,3.8,1.66,1.66,2.33,4.0,1.66,1.66,1.66,1.66,1.66,3.0
316,2.86,2.79,2.0,3.0,3.12,3.5,3.0,3.25,1.67,1.67,3.5,1.67,1.67,1.67,1.67,3.0,1.67,1.67
317,3.6,3.6,2.23,2.23,3.77,4.0,3.83,3.6,2.23,2.23,3.67,2.23,4.0,2.23,3.0,3.0,2.23,4.0
318,3.55,3.7,3.73,3.67,3.85,3.88,4.04,3.78,3.7,3.5,3.5,2.5,3.86,4.5,3.92,3.31,3.31,3.83
319,4.38,4.45,4.0,1.73,4.0,4.83,1.73,4.5,1.73,1.73,1.73,1.73,1.73,1.73,5.0,1.73,1.73,1.73
320,3.53,0.79,0.79,3.5,3.25,0.79,0.79,4.0,0.79,0.79,0.79,0.79,0.79,0.79,0.79,0.79,0.79,0.79
321,3.71,3.67,3.0,3.0,3.45,4.0,1.54,3.86,1.54,1.54,1.54,1.54,1.54,1.54,1.54,3.0,1.54,1.54
322,3.4,3.36,2.21,3.17,3.38,3.19,4.0,3.6,3.5,3.5,2.5,2.5,3.67,2.21,2.21,2.21,2.21,2.21
323,2.9,3.41,3.75,2.5,3.36,3.69,1.74,3.17,1.74,1.74,1.74,1.74,2.5,1.74,2.5,3.5,1.74,1.74
324,4.0,2.5,0.86,0.86,3.0,2.67,0.86,3.33,0.86,0.86,0.86,0.86,0.86,0.86,0.86,0.86,0.86,0.86
325,3.14,3.6,3.5,3.6,3.33,4.09,2.0,3.82,4.0,2.59,3.71,2.59,3.8,2.59,4.0,4.0,2.59,2.59
326,4.1,4.13,2.19,2.19,3.93,4.16,4.67,3.92,2.19,2.19,3.25,2.19,3.75,2.19,3.0,4.5,2.19,2.19
327,3.14,3.58,3.75,5.0,4.52,4.29,2.02,4.0,2.02,2.02,3.5,2.02,4.5,2.02,2.02,2.02,2.02,2.02
328,3.11,3.34,3.14,4.06,3.27,3.64,2.18,2.92,2.18,2.18,3.33,5.0,2.88,2.18,2.18,2.5,2.18,2.0
329,1.25,2.75,1.06,1.06,3.21,2.39,1.06,4.5,1.06,1.06,5.0,1.06,1.06,1.06,1.06,1.06,1.06,1.06
330,3.51,3.77,3.6,3.71,3.58,3.98,2.46,4.0,3.5,2.46,3.5,4.5,4.1,2.46,2.46,2.5,2.46,2.46
331,3.39,3.37,3.5,3.0,3.87,4.43,2.5,3.96,1.93,1.93,4.0,1.93,1.93,1.93,2.75,1.93,1.93,1.93
332,3.4,3.72,4.0,3.5,3.77,3.95,2.4,3.71,2.5,2.4,3.12,2.4,4.0,3.5,2.4,2.4,2.4,4.0
333,3.2,1.67,0.78,1.0,2.78,0.78,0.78,3.4,0.78,0.78,1.0,0.78,0.78,0.78,0.78,1.0,0.78,0.78
334,3.43,3.6,3.7,3.0,3.54,3.25,3.5,3.21,1.8,1.8,2.38,1.8,2.83,1.8,1.8,1.8,1.8,1.8
335,4.3,0.84,0.84,0.84,3.08,4.5,0.84,3.17,0.84,0.84,0.84,0.84,0.84,0.84,0.84,0.84,0.84,0.84
336,4.26,4.25,2.5,1.6,4.38,4.44,1.6,4.44,1.6,1.6,1.6,1.6,4.5,1.6,1.6,1.6,1.6,1.6
337,4.52,3.67,1.66,5.0,3.76,4.12,1.66,4.23,1.66,1.66,1.66,1.66,4.5,1.66,1.66,1.66,1.66,1.66
338,2.38,2.67,1.25,1.37,3.75,4.67,2.0,2.94,1.37,1.37,1.37,1.37,4.0,1.37,1.0,1.37,1.37,1.37
339,3.75,3.87,4.5,3.25,4.08,4.58,4.21,4.3,3.21,3.21,4.0,3.21,3.94,4.5,4.25,4.0,3.21,4.5
340,4.19,5.0,4.0,1.7,3.67,5.0,1.7,3.67,1.7,1.7,1.7,1.7,1.7,1.7,1.7,5.0,1.7,1.7
341,3.75,4.0,3.5,3.0,3.74,1.24,1.24,4.33,1.24,1.24,1.24,1.24,1.24,1.24,1.24,1.24,1.24,1.24
342,3.18,2.75,1.46,2.0,3.0,3.0,1.46,3.18,1.46,1.46,2.2,1.46,4.0,1.46,1.46,3.0,1.46,1.46
343,3.77,4.25,4.17,2.13,4.11,4.16,5.0,3.93,2.13,2.13,4.0,2.13,5.0,2.13,2.13,2.13,2.13,2.13
344,4.23,4.5,4.0,5.0,3.5,3.5,1.94,2.64,1.94,1.94,1.0,1.94,1.5,1.94,5.0,1.94,1.94,1.94
345,3.93,3.7,1.25,1.25,3.87,1.25,1.25,4.07,1.25,1.25,3.5,1.25,3.5,1.25,1.25,1.25,1.25,1.25
346,3.36,3.83,2.18,2.18,3.41,3.9,4.0,3.79,2.5,4.0,3.75,2.18,3.67,2.18,2.18,3.0,2.18,2.18
347,3.35,3.86,4.0,4.0,3.69,1.62,1.62,3.33,1.62,1.62,1.62,1.62,3.0,1.62,1.62,4.0,1.62,1.62
348,4.56,4.6,1.8,1.8,4.75,4.83,4.0,4.65,1.8,1.8,1.8,1.8,5.0,1.8,1.8,1.8,1.8,1.8
349,3.9,3.5,3.0,4.0,3.88,4.0,1.43,3.5,1.43,1.43,1.43,1.43,1.43,1.43,1.43,1.43,1.43,1.43
350,3.4,3.33,1.27,3.0,3.14,3.0,1.27,3.0,1.27,1.27,1.27,1.27,4.0,1.27,1.27,1.27,1.27,1.27
351,3.6,3.58,1.72,2.5,3.61,4.08,1.72,3.75,1.72,1.72,2.86,1.72,3.5,1.72,3.5,1.72,1.72,1.72
352,3.57,4.0,3.5,3.25,3.74,4.11,3.01,3.86,4.0,3.01,4.18,3.01,4.67,3.5,3.88,4.0,3.01,4.0
353,3.15,3.67,4.0,3.5,3.43,4.6,5.0,3.4,2.46,2.46,3.5,2.46,5.0,2.46,2.46,5.0,2.46,2.46
354,3.69,3.47,2.5,3.62,3.76,3.97,3.5,3.84,2.43,2.43,3.92,4.0,4.0,2.43,2.43,3.5,2.43,2.43
355,4.11,3.25,3.0,1.56,3.75,5.0,1.56,4.0,1.56,1.56,1.56,5.0,1.56,1.56,1.56,1.56,1.56,1.56
356,3.84,4.11,3.7,4.67,4.05,4.11,2.31,4.12,2.31,2.31,3.5,2.31,5.0,2.31,2.31,4.5,2.31,2.31
357,3.88,3.96,4.0,4.29,3.75,4.09,4.21,4.19,2.37,2.37,3.69,3.67,2.37,2.37,2.37,3.0,2.37,2.37
358,2.0,3.0,0.97,0.97,3.21,0.97,0.5,3.82,4.0,0.97,1.0,0.97,0.97,0.97,0.97,0.97,0.97,0.97
359,2.81,3.43,1.17,3.5,3.23,4.0,1.17,4.08,1.17,1.17,1.17,1.17,1.17,1.17,1.17,1.17,1.17,1.17
360,3.25,0.91,0.91,1.0,3.2,4.17,0.91,3.75,0.91,0.91,1.0,0.91,0.91,0.91,0.91,0.91,0.91,0.91
361,3.24,3.0,3.0,1.31,3.3,3.0,1.31,3.05,1.31,1.31,3.0,2.0,1.31,1.31,1.31,1.31,1.31,1.31
362,4.19,4.43,4.5,2.14,4.17,4.33,2.14,4.29,2.14,4.5,4.06,2.14,4.0,2.14,2.14,2.14,2.14,2.14
363,3.04,2.5,1.11,1.11,3.75,3.5,1.11,3.25,1.11,1.11,4.0,1.11,1.11,1.11,1.11,1.11,1.11,1.11
364,4.08,5.0,3.0,5.0,4.0,5.0,1.84,4.0,1.84,1.84,1.84,1.84,3.0,1.84,1.84,1.84,1.84,1.84
365,2.78,2.76,2.88,2.75,3.06,2.75,0.5,2.15,1.5,1.55,1.0,1.55,1.25,1.55,3.0,1.5,1.55,1.55
366,3.86,4.5,1.4,1.4,2.75,4.75,1.4,4.25,1.4,1.4,1.4,1.4,1.4,1.4,5.0,1.4,1.4,1.4
367,3.91,4.06,3.38,4.7,3.63,4.5,2.0,4.03,2.0,2.0,3.33,2.0,2.0,2.0,2.0,4.5,2.0,2.0
368,2.66,2.94,1.9,1.9,2.98,3.22,1.9,3.26,1.9,3.0,2.41,3.0,3.0,1.9,2.0,2.8,3.0,1.9
369,3.26,3.24,5.0,2.5,3.62,3.3,3.0,3.33,1.82,1.82,1.82,1.5,4.0,1.82,1.82,1.82,1.82,1.82
370,3.41,3.33,1.38,1.38,3.79,3.67,1.38,3.61,3.5,1.38,1.38,1.38,3.5,1.38,1.38,1.38,1.38,1.38
371,4.43,4.45,4.7,2.36,4.67,5.0,2.36,4.67,5.0,2.36,5.0,2.36,4.5,2.36,2.36,2.36,2.36,2.36
372,3.67,2.95,2.5,3.33,3.18,3.46,3.0,3.35,2.5,2.14,3.0,2.14,4.2,2.14,2.14,3.33,2.14,2.14
373,2.57,2.64,4.75,2.75,2.74,4.57,1.87,4.22,1.87,1.87,2.0,1.87,4.5,1.87,1.87,3.0,1.87,1.87
374,3.6,3.2,3.0,1.78,4.33,3.5,1.78,4.0,3.0,1.78,4.33,1.78,1.78,1.78,1.78,3.0,1.78,1.78
375,3.54,4.17,3.0,1.82,3.94,4.67,1.82,5.0,1.82,1.82,1.82,1.82,5.0,1.82,3.5,1.82,1.82,1.82
376,4.06,4.33,4.5,3.33,3.61,4.25,2.73,4.07,3.5,4.0,4.5,2.73,5.0,2.73,2.73,4.0,2.73,2.73
377,3.98,4.29,3.75,3.07,3.53,4.33,4.5,4.11,5.0,2.89,4.17,2.5,4.75,2.89,4.0,2.89,2.89,2.89
378,3.78,4.36,1.57,1.57,3.83,4.06,1.57,4.15,1.57,1.57,1.57,1.57,3.5,1.57,4.5,1.57,1.57,1.57
379,3.33,4.33,1.67,5.0,2.9,3.0,1.67,3.5,1.67,1.67,1.67,1.67,3.0,1.67,1.67,5.0,1.67,1.67
380,3.71,3.88,3.88,3.31,3.54,3.83,3.75,3.62,3.5,3.07,3.24,3.0,4.33,3.07,4.2,3.3,3.07,4.17
381,3.39,3.63,3.59,3.21,3.54,3.71,3.92,3.9,3.25,2.67,2.75,4.0,3.5,2.0,2.67,3.75,2.67,2.67
382,3.48,4.01,3.0,2.85,3.03,4.67,1.94,4.13,2.25,1.94,3.33,1.94,4.25,1.94,1.94,1.94,1.94,1.94
383,3.33,4.0,1.0,1.0,3.69,1.0,1.0,4.0,1.0,1.0,3.0,1.0,1.0,1.0,1.0,1.0,1.0,1.0
384,2.62,3.89,1.72,2.0,3.13,3.6,1.72,2.8,1.72,1.72,2.25,1.72,4.0,1.72,1.72,3.67,3.0,1.72
385,3.36,3.55,3.33,3.0,3.49,3.67,3.5,3.32,5.0,2.66,3.5,3.0,4.0,2.66,2.66,3.25,2.66,2.0
386,2.39,2.5,1.66,3.33,3.45,3.4,1.66,2.75,1.66,1.66,2.0,1.66,3.0,1.66,1.66,3.0,1.66,4.0
387,3.15,3.22,3.5,2.22,3.06,3.63,3.64,3.54,3.55,4.1,2.99,2.0,3.73,2.0,2.75,2.67,2.99,4.0
388,4.17,4.18,3.5,2.62,3.33,1.16,1.16,1.0,1.16,1.16,1.16,1.16,2.0,1.16,1.16,1.16,1.16,1.16
389,4.14,5.0,1.46,1.46,3.6,5.0,1.46,4.5,1.46,1.46,1.46,1.46,4.0,1.46,1.46,1.46,1.46,1.46
390,3.63,3.9,4.5,1.5,3.61,3.29,4.75,4.06,4.5,2.12,2.12,2.12,4.5,2.12,2.12,2.12,2.12,2.12
391,3.24,3.66,4.0,4.5,3.88,3.75,4.33,3.96,3.33,5.0,3.67,5.0,3.83,4.0,3.26,2.6,3.26,3.26
392,3.33,3.0,1.22,1.22,3.14,3.33,1.22,3.17,1.22,1.22,3.0,1.22,1.22,1.22,1.22,3.0,1.22,1.22
393,3.88,4.65,2.51,2.51,3.35,3.81,5.0,3.25,5.0,2.51,3.25,2.51,5.0,2.51,3.0,5.0,2.51,2.51
394,3.0,2.33,2.0,2.5,3.0,5.0,1.38,3.0,1.38,1.38,1.38,1.38,1.38,1.38,1.38,4.0,1.38,1.38
395,3.38,2.53,2.86,3.0,3.33,0.95,0.95,2.0,0.95,0.95,0.95,0.95,0.95,0.95,0.95,0.95,0.95,0.95
396,1.92,4.2,3.75,1.08,3.17,3.62,1.08,2.75,1.08,1.08,1.08,1.08,1.08,1.08,1.08,1.08,1.08,1.08
397,4.25,1.24,1.24,2.0,4.0,3.75,1.24,4.38,1.24,1.24,1.24,1.24,4.0,1.24,1.24,1.24,1.24,1.24
398,3.93,4.4,4.75,5.0,4.23,3.25,4.75,4.21,2.42,2.42,2.42,2.42,5.0,2.42,2.42,2.42,2.42,4.0
399,3.69,4.56,1.15,1.15,5.0,4.5,1.15,3.0,1.15,1.15,1.15,1.15,1.15,1.15,1.15,1.15,1.15,1.15
400,4.42,4.12,2.03,2.03,4.88,4.67,2.03,4.5,2.03,2.03,4.5,2.03,5.0,2.03,4.5,2.03,2.03,2.03
401,3.56,3.54,3.41,1.0,3.75,1.0,1.0,3.67,1.0,1.0,1.0,1.0,1.0,1.0,1.0,1.0,1.0,1.0
402,4.05,3.67,1.68,4.0,3.58,4.33,1.68,3.6,1.68,1.68,1.68,1.68,3.0,1.68,1.68,4.0,1.68,1.68
403,3.59,3.17,1.31,1.31,3.83,3.8,1.31,4.1,1.31,1.31,1.31,1.31,5.0,1.31,1.31,1.31,1.31,1.31
404,3.32,3.5,1.74,4.0,3.5,3.67,1.74,3.31,1.74,1.74,3.0,1.74,3.0,1.74,1.74,4.0,1.74,1.74
405,4.0,3.92,3.5,2.01,3.92,4.02,2.01,4.05,4.25,2.01,4.0,2.01,4.5,2.01,2.01,2.01,2.01,2.01
406,3.12,5.0,2.67,1.0,3.79,1.16,1.16,3.33,1.16,1.16,2.0,1.16,1.16,1.16,1.16,1.16,1.16,1.16
407,4.17,3.9,0.92,0.92,3.5,0.92,0.92,5.0,0.92,0.92,0.92,0.92,0.92,0.92,0.92,0.92,0.92,0.92
408,4.04,4.27,5.0,3.5,4.12,3.88,2.48,4.41,4.0,2.48,2.48,2.48,4.0,2.48,3.5,4.0,2.48,2.48
409,3.83,4.2,2.46,4.0,3.75,4.2,5.0,3.89,2.46,2.46,3.33,2.46,3.0,2.46,2.46,4.0,2.46,5.0
410,3.25,4.0,2.11,5.0,3.94,4.1,4.5,4.28,2.11,4.0,2.11,2.11,5.0,2.11,2.11,2.11,2.11,2.11
411,3.31,3.58,4.0,3.67,2.97,3.57,5.0,3.27,2.13,2.13,2.13,2.13,3.5,2.13,2.13,3.5,2.13,2.0
412,3.71,3.5,3.0,2.0,4.07,4.44,4.6,3.83,4.0,4.5,3.0,2.7,4.0,2.7,2.7,4.0,2.7,2.7
413,4.64,5.0,1.7,1.7,4.0,4.89,1.7,4.05,1.7,1.7,1.7,1.7,1.7,1.7,1.7,5.0,1.7,3.0
414,3.28,3.55,3.81,2.95,3.26,3.67,3.68,3.56,4.0,4.0,2.76,4.33,3.8,2.71,3.56,3.26,3.33,3.7
415,3.9,4.0,2.49,4.0,4.0,4.57,4.5,4.08,2.49,4.0,4.0,2.49,4.33,2.49,2.49,3.5,2.49,2.49
416,2.31,1.0,1.37,2.5,3.67,3.8,4.0,3.45,4.0,1.37,1.37,1.37,1.37,1.37,1.37,1.37,1.37,1.37
417,4.34,4.67,1.97,1.97,4.56,4.33,1.97,4.53,1.97,1.97,4.0,1.97,4.7,1.97,4.25,1.97,1.97,1.97
418,2.37,3.62,1.44,1.44,3.79,4.27,4.0,4.42,1.44,1.44,1.44,1.44,3.5,1.44,1.44,1.44,1.44,1.44
419,3.8,3.19,5.0,0.5,4.11,4.09,4.29,3.74,2.29,2.29,4.0,2.29,3.5,2.29,2.0,3.0,2.29,2.29
420,3.62,3.97,3.75,3.5,3.88,4.17,3.5,4.0,4.5,2.53,3.83,2.53,3.5,2.53,3.25,2.53,2.53,2.53
421,2.88,3.83,1.57,4.5,3.88,4.83,1.57,4.41,1.57,1.57,1.57,1.57,4.0,1.57,1.57,1.57,1.57,1.57
422,3.45,3.25,1.88,3.0,2.79,3.83,1.88,3.71,1.88,1.88,2.83,1.88,3.0,1.88,1.0,1.88,3.5,3.5
423,3.14,5.0,1.41,1.41,4.0,4.5,1.41,4.25,1.41,1.41,1.41,1.41,1.41,1.41,1.41,4.5,1.41,1.41
424,3.55,2.88,4.5,3.5,3.5,3.79,2.13,3.69,2.13,2.13,4.5,2.13,3.86,2.13,2.13,4.5,2.13,2.13
425,3.47,3.56,3.0,3.12,3.4,3.76,2.21,3.67,4.0,2.21,3.75,2.21,4.0,2.21,2.21,4.0,2.21,2.21
426,3.54,4.05,3.64,4.0,3.64,3.12,1.85,4.0,1.85,1.85,1.85,5.0,1.25,1.85,1.85,1.0,1.85,1.85
427,3.09,2.9,1.63,1.63,2.96,3.83,4.0,3.07,1.63,1.63,1.0,0.5,4.5,1.63,1.63,3.5,1.63,1.63
428,2.67,2.24,3.12,1.9,2.51,3.22,4.25,3.05,3.25,1.7,2.45,1.7,1.7,1.7,2.0,1.7,1.7,1.7
429,3.88,4.0,4.5,3.0,3.94,3.5,1.73,4.27,1.73,1.73,1.73,1.73,4.0,1.73,1.73,1.73,1.73,1.73
430,4.0,2.88,3.75,3.0,3.58,4.5,1.44,4.25,1.44,1.44,1.44,1.44,1.44,1.44,1.44,1.44,1.44,1.44
431,2.62,1.75,0.83,0.83,2.75,5.0,0.83,2.83,0.83,0.83,0.83,0.83,0.83,0.83,0.83,0.83,0.83,0.83
432,3.51,3.55,3.5,3.0,3.43,3.65,2.35,3.9,2.35,2.35,3.95,2.35,3.5,2.5,3.25,4.5,2.35,2.35
433,3.19,1.29,1.29,1.29,4.62,4.3,1.29,3.17,1.29,1.29,1.29,1.29,3.0,1.29,5.0,1.29,1.29,1.29
434,3.69,3.8,4.3,3.67,3.64,4.25,4.0,3.8,2.26,2.26,3.7,2.26,4.38,2.26,1.5,2.26,2.26,2.26
435,4.24,3.83,4.0,1.64,4.3,4.86,1.64,4.31,1.64,1.64,1.64,1.64,1.64,1.64,1.64,1.64,1.64,4.0
436,2.92,3.29,3.67,3.56,2.97,3.5,1.75,3.62,1.75,1.75,1.75,1.75,3.0,1.75,1.75,5.0,1.75,1.75
437,3.41,4.0,1.74,3.0,3.88,4.0,5.0,3.94,1.74,1.74,1.74,1.74,4.0,1.74,1.74,1.74,1.74,1.74
438,3.4,3.47,3.44,3.17,3.21,3.48,3.7,3.32,2.51,2.51,2.75,2.51,3.62,2.51,3.5,3.62,2.51,4.5
439,3.91,4.1,1.47,1.47,5.0,5.0,4.0,4.5,1.47,1.47,1.47,1.47,1.47,1.47,1.47,1.47,1.47,1.47
440,3.9,4.4,1.57,1.57,3.78,1.57,1.57,3.65,4.0,1.57,4.5,1.57,1.57,1.57,1.57,4.0,1.57,1.57
441,4.68,4.3,1.28,1.28,4.65,4.5,1.28,0.5,1.28,1.28,1.28,1.28,4.5,1.28,1.28,1.28,1.28,1.28
442,0.67,2.25,1.5,0.44,1.88,0.44,0.44,1.06,0.44,0.44,0.5,0.44,0.44,0.44,0.44,0.44,0.44,0.44
443,3.71,4.75,1.18,1.18,4.8,4.12,1.18,3.94,1.18,1.18,1.18,1.18,1.18,1.18,1.18,1.18,1.18,1.18
444,3.5,1.0,4.0,3.5,4.25,4.5,1.57,3.56,1.57,1.57,1.57,1.57,4.0,1.57,1.57,1.57,1.57,1.57
445,3.75,3.8,3.0,1.72,4.19,3.83,1.72,3.64,1.72,1.72,1.72,1.72,4.67,1.72,1.72,4.0,1.72,1.72
446,3.0,2.88,3.67,4.0,3.2,3.75,1.71,3.36,1.71,1.71,1.71,1.71,4.0,1.71,1.71,3.0,1.71,1.71
447,3.91,4.38,3.67,3.25,3.54,4.5,2.17,3.91,2.17,2.17,2.17,2.17,3.0,2.17,2.17,4.0,2.17,5.0
448,2.73,3.16,3.24,2.91,2.88,3.11,4.04,2.91,2.0,2.47,1.48,3.0,2.67,2.75,2.18,2.37,2.47,3.0
449,3.05,2.5,1.4,1.4,3.0,4.38,4.5,3.5,1.4,1.4,1.4,1.4,4.25,1.4,1.4,1.4,1.4,1.4
450,4.24,4.0,4.0,4.0,3.71,4.25,2.13,4.07,2.13,2.13,3.0,4.0,2.13,2.13,3.0,2.13,2.13,2.13
451,3.42,4.5,1.87,4.0,3.6,5.0,1.87,4.17,1.87,1.87,1.87,1.87,5.0,1.87,1.87,4.0,1.87,1.87
452,4.51,4.21,5.0,5.0,4.93,4.73,2.94,4.47,4.0,2.94,4.43,2.94,5.0,2.94,2.0,4.67,2.94,2.94
453,3.85,4.26,5.0,4.0,4.03,3.81,4.0,3.8,2.71,2.71,3.0,4.0,5.0,2.71,2.71,4.0,2.71,2.71
454,3.8,3.0,3.5,1.64,4.0,3.83,1.64,3.71,1.64,1.64,3.75,1.64,4.0,1.64,1.64,1.64,1.64,1.64
455,3.12,3.17,3.0,4.0,3.57,3.8,1.58,3.75,1.58,1.58,1.58,1.58,1.58,1.58,1.58,4.0,1.58,1.58
456,4.1,4.5,4.0,3.0,3.36,4.5,1.96,3.88,1.96,1.96,1.96,1.96,3.0,1.96,1.96,5.0,1.96,1.96
457,3.57,3.62,4.0,2.0,3.62,3.0,1.4,3.33,1.4,1.4,2.0,1.4,1.4,1.4,1.4,1.4,1.4,1.4
458,4.2,4.0,4.0,3.5,4.0,1.62,1.62,4.42,1.62,1.62,1.62,1.62,1.62,1.62,1.62,5.0,1.62,1.62
459,4.27,4.71,3.67,0.95,0.95,0.95,0.95,4.5,0.95,0.95,0.95,0.95,0.95,0.95,0.95,0.95,0.95,0.95
460,4.27,4.14,3.5,3.5,4.0,4.25,1.56,4.35,1.56,1.56,1.56,1.56,1.56,1.56,1.56,1.56,1.56,1.56
461,0.94,4.0,0.99,0.99,4.42,4.12,0.99,3.92,0.99,0.99,0.99,0.99,0.99,0.99,0.99,0.5,0.99,0.99
462,2.84,2.98,4.0,2.75,3.24,3.84,4.02,3.54,4.5,2.81,3.3,2.81,3.83,2.81,4.0,3.67,2.81,4.0
463,3.81,4.0,1.47,1.47,3.75,3.75,3.5,3.62,1.47,1.47,1.47,1.47,1.47,4.0,1.47,1.47,1.47,1.47
464,3.57,3.39,1.88,4.0,3.5,4.43,1.88,4.35,1.88,1.88,3.0,1.88,4.17,1.88,3.5,1.88,1.88,1.88
465,3.84,4.14,2.38,2.38,4.64,4.48,2.38,4.23,2.38,4.5,4.0,4.0,5.0,2.38,2.38,4.0,2.38,2.38
466,3.79,4.08,4.5,1.79,4.08,3.6,1.79,4.25,1.79,1.79,4.0,1.79,1.79,1.79,4.0,1.79,1.79,1.79
467,2.71,2.0,2.0,0.9,4.25,1.0,0.9,4.25,0.9,0.9,0.9,0.9,0.9,0.9,0.9,0.9,0.9,0.9
468,3.0,3.5,5.0,3.0,3.5,3.0,1.62,3.6,1.62,1.62,1.62,1.62,4.5,1.62,1.62,1.62,1.62,1.62
469,3.24,3.73,4.33,4.0,3.71,4.26,1.0,4.08,5.0,4.0,3.68,3.09,4.33,3.09,2.67,3.0,3.09,4.5
470,3.62,3.5,3.0,4.0,3.47,3.5,1.75,3.38,1.75,1.75,1.75,1.75,3.0,1.75,1.75,4.0,1.75,1.75
471,3.71,4.0,0.87,0.87,4.0,0.87,0.87,4.0,0.87,0.87,0.87,0.87,0.87,0.87,0.87,0.87,0.87,0.87
472,4.75,4.0,1.65,1.65,3.83,4.83,1.65,4.2,1.65,1.65,3.0,1.65,1.0,1.65,1.65,4.0,1.65,1.65
473,3.38,3.5,4.0,2.75,2.93,4.75,1.84,3.86,1.84,1.84,4.0,1.84,4.0,1.84,1.84,1.84,1.84,1.84
474,3.23,3.41,3.47,3.04,3.21,3.65,3.7,3.59,2.3,4.0,2.91,3.59,3.57,3.0,3.0,3.39,3.0,3.5
475,4.41,4.49,3.5,4.5,4.5,1.93,1.93,4.4,1.93,1.93,1.93,1.93,5.0,1.93,4.0,1.93,1.93,1.93
476,3.43,3.92,4.0,3.75,3.37,5.0,2.01,3.8,2.01,2.01,2.01,2.01,4.0,2.01,2.01,5.0,2.01,2.01
477,3.71,3.76,3.84,2.69,3.74,3.92,4.17,3.95,4.5,3.5,3.65,2.99,3.92,2.99,3.5,5.0,2.99,2.99
478,3.12,2.62,3.5,4.0,2.0,1.04,1.04,2.9,1.04,1.04,0.5,1.04,1.04,1.04,1.04,1.04,1.04,1.04
479,2.56,3.24,3.25,2.43,3.48,3.75,3.0,3.78,2.0,2.11,3.0,2.11,5.0,2.5,2.11,2.11,2.11,2.11
480,3.04,3.34,3.23,3.47,3.16,3.78,3.41,3.7,3.33,2.69,2.55,2.69,4.12,0.5,3.5,3.33,2.69,4.0
481,2.78,2.67,0.85,1.0,2.4,3.4,0.85,3.0,0.85,0.85,0.85,0.85,0.85,0.85,0.85,0.85,0.85,0.85
482,3.81,3.88,1.36,3.67,2.9,3.25,1.36,2.92,1.36,1.36,1.36,1.36,1.36,1.36,1.36,4.0,1.36,1.36
483,3.49,3.76,3.78,3.0,3.66,4.0,3.7,3.79,4.5,3.0,1.9,3.5,3.8,3.5,4.17,3.5,3.0,3.0
484,3.7,4.0,4.7,3.83,3.9,3.95,2.03,3.29,2.03,2.03,2.78,2.03,3.75,2.03,2.03,2.67,2.03,2.03
485,3.91,3.8,1.34,1.34,4.5,5.0,1.34,3.0,1.34,1.34,1.34,1.34,1.34,1.34,1.34,4.0,1.34,1.34
486,3.95,4.0,1.65,1.65,4.0,4.0,1.65,4.67,1.65,1.65,1.65,1.65,4.0,1.65,1.65,5.0,1.65,1.65
487,3.28,3.56,2.75,1.47,2.47,2.67,1.47,3.65,1.47,1.47,1.47,1.47,4.0,1.47,4.0,1.47,1.47,1.47
488,3.5,4.59,3.58,3.33,3.79,4.38,4.25,3.75,2.43,3.5,2.43,2.43,5.0,2.43,2.43,4.0,2.43,2.43
489,2.77,3.27,3.68,2.43,2.93,3.15,4.0,3.36,3.25,2.39,2.73,4.12,3.42,2.33,2.39,1.67,2.39,2.39
490,2.88,3.08,3.33,1.32,2.81,3.8,1.32,3.88,1.32,1.32,1.32,1.32,4.0,1.32,1.32,1.32,1.32,1.32
491,4.25,4.5,4.0,5.0,4.01,1.46,1.46,4.5,1.46,1.46,1.46,1.46,1.46,1.46,1.46,1.46,1.46,1.46
492,4.13,3.71,3.0,3.14,3.8,3.75,2.28,3.8,2.28,2.28,4.67,2.28,3.0,2.28,4.0,4.0,2.28,2.28
493,3.82,3.0,1.12,1.12,1.12,5.0,1.12,2.8,1.12,1.12,1.5,1.12,1.12,1.12,1.12,4.0,1.12,1.12
494,4.35,3.0,1.02,1.02,1.0,5.0,1.02,1.02,1.02,1.02,5.0,1.02,1.02,1.02,1.02,1.02,1.02,1.02
495,3.86,3.52,3.88,2.75,4.1,4.31,4.5,4.36,2.0,2.51,2.0,2.51,4.83,2.51,2.51,5.0,2.51,2.51
496,3.28,2.6,3.5,1.59,3.25,4.5,1.59,3.92,1.59,1.59,2.5,1.59,5.0,1.59,1.59,1.59,1.59,1.59
497,2.85,2.88,4.0,2.0,3.78,4.0,1.98,4.12,1.98,1.98,4.0,1.98,3.0,1.98,5.0,1.98,1.98,1.98
498,3.46,4.6,1.84,3.0,4.33,5.0,1.84,4.75,1.84,1.84,1.84,1.84,3.0,1.84,1.84,5.0,1.84,1.84
499,3.79,3.62,1.72,3.5,4.0,1.72,4.5,4.0,1.72,1.72,3.5,1.72,1.72,1.72,1.72,1.72,1.72,4.0
500,3.75,3.58,3.15,1.2,3.08,1.2,1.2,3.0,5.0,1.2,1.2,1.2,1.2,1.2,1.2,1.2,1.2,1.2
501,3.31,2.5,3.0,3.0,3.58,3.2,1.52,2.83,1.52,1.52,1.52,1.52,3.0,1.52,1.52,3.0,1.52,1.52
502,2.5,4.25,4.0,1.5,3.35,4.88,1.78,2.5,1.78,1.78,4.5,1.78,1.78,1.78,4.5,1.78,1.78,1.78
503,2.89,3.25,3.25,3.5,3.05,3.96,3.5,3.55,2.09,2.09,2.62,4.0,4.0,2.09,2.09,2.09,2.09,2.09
504,3.42,4.07,1.45,3.0,3.76,4.2,3.62,3.94,1.45,1.45,1.45,1.45,1.45,1.45,1.45,1.45,1.45,1.45
505,4.2,4.0,4.38,5.0,3.6,5.0,2.4,3.25,4.5,2.4,4.25,2.4,5.0,2.4,2.4,2.4,2.4,2.4
506,2.33,3.0,2.0,3.0,3.29,3.5,3.5,3.31,1.83,1.83,4.0,1.83,1.83,1.83,5.0,1.83,1.83,1.83
507,3.38,3.0,3.0,5.0,3.67,3.0,1.72,3.0,1.72,1.72,1.72,1.72,3.0,1.72,1.72,4.0,1.72,1.72
508,1.75,3.0,1.5,0.56,1.9,0.56,0.56,1.9,0.56,0.56,0.56,0.56,0.56,0.56,0.56,0.56,0.56,0.56
509,3.17,3.33,3.28,2.91,3.14,3.19,4.0,3.34,3.5,2.36,3.0,2.36,3.38,3.25,3.0,2.36,2.36,2.36
510,2.57,3.43,1.71,3.0,2.95,3.15,4.0,2.93,1.5,1.71,2.75,1.71,1.71,1.71,1.71,4.5,1.71,1.71
511,4.07,4.25,1.83,4.0,4.36,5.0,1.83,4.05,1.83,1.83,3.0,1.83,1.83,1.83,4.17,1.83,1.83,1.83
512,3.63,3.4,4.0,3.0,3.67,5.0,2.02,3.67,2.02,2.02,2.02,2.02,5.0,2.02,2.02,5.0,2.02,2.02
513,3.85,3.62,1.72,1.72,3.92,4.5,1.72,4.33,1.72,1.72,2.25,1.72,4.0,1.72,1.72,4.5,1.72,1.72
514,3.35,3.38,3.81,3.33,3.39,3.73,3.6,3.65,2.0,2.64,2.46,2.64,4.0,2.64,3.25,3.83,2.64,3.75
515,4.79,5.0,1.9,1.9,5.0,4.88,1.9,5.0,1.9,1.9,4.5,1.9,1.9,1.9,5.0,1.9,1.9,1.9
516,4.0,3.8,1.23,1.23,3.33,3.0,1.23,4.0,1.23,1.23,1.23,1.23,1.23,1.23,1.23,4.0,1.23,1.23
517,1.82,2.69,3.18,2.52,2.25,2.0,1.75,2.56,3.5,1.8,1.0,3.8,1.75,1.8,1.8,2.5,1.8,1.0
518,3.86,2.83,3.0,1.18,3.7,4.5,1.18,3.36,1.18,1.18,1.18,1.18,1.18,1.18,1.18,1.18,1.18,1.18
519,4.29,1.0,1.0,1.0,4.19,4.5,1.0,5.0,1.0,1.0,1.0,1.0,1.0,1.0,1.0,1.0,1.0,1.0
520,3.89,4.09,4.25,3.75,3.86,3.6,3.5,3.84,4.0,2.52,3.67,2.52,3.5,2.52,3.5,2.52,2.52,2.52
521,3.6,3.5,1.56,4.0,3.55,3.5,1.56,3.88,1.56,1.56,1.56,1.56,3.0,1.56,3.0,1.56,1.56,1.56
522,3.91,3.36,4.5,2.0,3.76,4.05,4.5,3.85,2.62,2.62,5.0,2.62,4.17,2.62,3.5,2.62,2.62,4.5
523,4.78,4.57,4.65,1.57,4.39,5.0,1.57,4.83,1.57,1.57,1.57,1.57,1.57,1.57,1.57,1.57,1.57,1.57
524,3.54,3.92,2.03,2.67,3.06,2.8,2.03,3.47,2.03,3.0,3.0,2.03,4.0,2.03,2.0,5.0,2.03,2.03
525,3.51,3.55,3.09,3.33,3.55,3.95,3.7,3.69,2.63,2.63,3.5,4.5,3.5,2.63,4.0,3.5,2.63,2.63
526,4.0,4.42,1.17,1.17,4.12,4.25,1.17,4.25,1.17,1.17,1.17,1.17,1.17,1.17,1.17,1.17,1.17,1.17
527,4.4,4.13,3.83,4.5,3.79,3.5,2.8,3.85,2.8,4.0,4.33,5.0,4.0,2.8,2.8,5.0,2.8,2.8
528,3.8,2.69,1.44,1.44,3.5,3.45,4.5,3.27,1.44,1.44,1.44,1.44,1.44,1.44,0.5,4.25,1.44,1.44
529,3.89,3.0,1.13,3.0,2.5,1.13,1.13,3.0,1.13,1.13,1.13,1.13,5.0,1.13,1.13,1.13,1.13,1.13
530,3.5,4.0,1.5,3.0,4.12,4.0,1.5,3.4,1.5,1.5,1.5,1.5,1.5,1.5,1.5,5.0,1.5,1.5
531,3.9,3.8,1.11,1.11,2.75,4.5,1.11,5.0,1.11,1.11,1.11,1.11,1.11,1.11,1.11,1.11,1.11,1.11
532,4.36,1.43,1.43,1.43,3.0,4.18,1.43,4.17,1.43,1.43,5.0,1.43,1.43,1.43,1.43,5.0,1.43,1.43
533,4.46,4.3,1.76,1.76,4.19,1.76,1.76,4.3,5.0,1.76,4.42,1.76,1.76,1.76,5.0,1.76,1.76,1.76
534,3.74,3.74,4.12,3.9,3.95,3.58,2.13,4.23,2.13,2.13,4.5,2.13,4.0,2.13,2.5,2.13,2.13,2.13
535,2.17,0.82,5.0,0.82,2.6,2.0,0.82,3.0,0.82,0.82,0.82,0.82,0.82,0.82,0.82,0.82,0.82,0.82
536,3.3,3.75,1.6,1.6,3.55,2.5,1.6,3.62,1.6,1.6,3.0,1.6,3.0,1.6,1.6,3.0,1.6,3.0
537,4.0,4.5,1.41,1.41,3.9,4.62,5.0,3.43,1.41,1.41,1.41,1.41,1.41,1.41,1.41,1.41,1.41,1.41
538,4.67,4.55,5.0,4.25,4.43,1.77,1.77,4.0,1.77,1.77,1.77,5.0,1.77,1.77,1.77,1.77,1.77,1.77
539,3.75,4.44,5.0,3.5,3.42,3.75,1.52,3.5,1.52,1.52,1.52,1.52,1.52,1.52,1.52,1.52,1.52,1.52
540,4.2,3.17,1.53,4.0,3.72,4.67,1.53,1.53,1.53,1.53,3.33,1.53,4.5,1.53,1.53,1.53,1.53,1.53
541,3.24,3.88,4.0,2.0,3.2,4.0,1.78,3.78,1.78,1.78,3.0,1.78,1.0,1.78,1.78,4.0,1.78,1.78
542,3.2,4.0,4.4,4.5,3.11,4.33,2.5,3.84,2.23,2.23,2.17,2.23,5.0,2.23,2.23,3.0,2.23,2.23
543,4.73,5.0,5.0,5.0,4.21,5.0,2.37,3.75,2.37,2.37,5.0,2.37,5.0,2.37,2.37,2.37,2.37,2.37
544,4.25,3.0,1.64,1.64,4.6,1.64,5.0,4.6,1.64,1.64,5.0,1.64,3.0,1.64,1.64,1.64,1.64,1.64
545,3.56,2.75,1.35,3.5,2.8,5.0,1.35,3.75,1.35,1.35,1.35,1.35,1.35,1.35,3.0,1.35,1.35,1.35
546,3.5,2.8,1.6,1.6,3.38,3.0,1.6,3.08,1.6,1.6,4.0,2.0,1.6,1.6,4.0,3.0,1.6,1.6
547,3.67,1.39,1.39,1.39,4.8,4.0,3.5,4.0,5.0,1.39,1.39,1.39,1.39,1.39,1.39,1.39,1.39,1.39
548,4.0,4.0,1.63,1.63,4.83,5.0,3.5,3.93,1.63,1.63,1.63,1.63,1.63,4.0,1.63,1.63,1.63,1.63
549,3.83,2.25,0.92,0.92,0.92,4.5,0.92,1.0,0.92,0.92,0.92,0.92,5.0,0.92,0.92,0.92,0.92,0.92
550,4.23,4.12,1.38,1.38,4.0,4.25,1.38,3.17,1.38,1.38,1.38,1.38,1.38,1.38,5.0,1.38,1.38,1.38
551,3.75,3.29,1.93,1.93,3.65,3.92,1.93,3.85,3.0,1.93,1.93,1.93,3.75,1.93,4.5,5.0,1.93,1.93
552,2.86,3.15,4.0,2.62,3.2,3.36,1.58,3.47,1.58,1.58,2.25,1.58,3.5,1.58,1.58,1.58,1.58,1.58
553,4.28,3.5,1.7,1.7,4.11,4.46,4.67,4.54,1.7,1.7,1.7,1.7,5.0,1.7,1.7,1.7,1.7,1.7
554,3.73,3.57,3.6,4.4,3.9,5.0,2.36,4.32,2.36,2.36,1.0,5.0,2.36,3.0,2.36,2.36,2.36,5.0
555,3.39,3.48,4.5,3.53,3.53,4.26,3.0,3.62,2.75,3.0,2.79,1.0,3.33,3.0,3.0,4.0,2.75,2.75
556,4.12,4.17,1.09,4.0,1.09,1.09,1.09,3.25,4.0,1.09,1.09,1.09,1.09,1.09,1.09,1.09,1.09,1.09
557,3.82,4.21,0.5,1.17,4.25,4.5,1.17,3.75,1.17,1.17,1.17,1.17,1.17,1.17,1.17,1.17,1.17,1.17
558,4.2,4.0,1.62,4.5,4.0,3.6,1.62,3.87,1.0,1.62,1.62,1.62,1.62,1.62,1.62,4.0,1.62,1.62
559,3.25,3.46,3.5,3.17,3.0,4.5,1.87,3.79,1.87,1.87,3.0,1.87,3.0,1.87,1.87,3.0,1.87,1.87
560,3.62,3.5,3.5,2.5,3.51,3.8,3.31,3.56,3.1,2.85,3.7,2.85,3.7,2.5,3.25,4.0,2.85,3.75
561,3.31,3.33,3.25,3.92,3.45,3.4,2.64,3.5,3.5,4.5,3.5,2.64,3.83,2.0,3.33,2.75,2.64,2.64
562,3.95,4.19,4.0,3.0,4.12,4.3,4.0,4.22,3.5,2.6,4.0,2.6,4.0,2.6,2.6,3.5,2.6,2.6
563,3.58,3.02,3.72,3.5,3.19,1.75,1.75,3.56,3.0,1.75,1.75,5.0,1.75,3.0,1.75,1.75,1.75,1.75
564,3.3,3.89,1.14,3.5,3.67,3.2,1.14,3.0,1.14,1.14,1.14,1.14,1.14,1.14,1.14,1.14,1.14,1.14
565,3.12,3.5,1.75,4.0,3.5,4.5,1.75,4.33,1.75,1.75,1.75,1.75,4.5,1.75,1.75,4.0,1.75,1.75
566,3.3,2.9,1.0,1.55,3.7,5.0,1.55,4.08,1.55,1.55,1.55,1.55,4.0,1.55,1.55,4.0,1.55,1.55
567,1.9,2.15,2.46,1.83,2.82,2.25,2.5,2.59,4.0,2.05,1.81,2.05,3.12,4.25,2.9,2.25,2.05,2.05
568,3.0,3.83,1.32,3.5,3.94,5.0,1.32,4.44,1.32,1.32,1.32,1.32,1.32,1.32,1.32,1.32,1.32,1.32
569,4.09,4.0,4.0,1.06,4.0,3.0,1.06,1.06,1.06,1.06,1.06,1.06,1.06,1.06,1.06,1.06,1.06,1.06
570,3.45,3.45,3.0,3.0,3.24,3.55,2.07,3.49,3.5,2.07,3.38,2.07,3.5,2.07,2.07,3.75,2.07,2.07
571,2.7,3.5,1.26,1.26,2.67,4.0,1.26,3.36,3.0,1.0,2.37,1.26,1.26,1.26,1.26,1.26,1.26,1.26
572,3.91,4.21,3.0,5.0,3.95,4.43,3.04,4.26,3.04,3.04,4.0,3.04,5.0,2.0,3.04,5.0,5.0,5.0
573,4.17,4.24,4.44,4.67,4.53,3.92,3.5,3.81,4.0,3.1,4.07,3.1,5.0,3.1,5.0,4.5,3.1,3.1
574,3.62,4.5,4.0,2.0,4.0,5.0,1.77,3.67,1.77,1.77,1.77,1.77,5.0,1.77,1.77,1.77,1.77,1.77
575,3.67,5.0,1.0,1.39,3.35,3.0,1.0,3.0,1.39,1.39,2.0,1.39,1.39,3.0,1.39,1.39,1.39,1.39
576,3.17,3.5,0.79,0.79,3.1,0.79,0.79,3.0,0.79,0.79,1.5,0.79,0.79,0.79,0.79,0.79,0.79,0.79
577,3.56,3.48,1.63,4.0,3.26,4.33,1.63,3.67,1.63,1.63,3.0,1.63,1.63,1.63,1.63,4.0,1.63,1.63
578,3.33,5.0,1.1,3.5,3.88,1.1,1.1,4.11,1.1,1.1,1.1,1.1,1.1,1.1,1.1,1.1,1.1,1.1
579,3.95,4.11,3.44,3.33,4.16,1.29,1.29,4.15,1.29,1.29,1.29,1.29,1.29,1.29,1.29,1.29,1.29,1.29
580,3.78,3.41,3.5,2.75,3.22,3.65,2.88,3.28,4.0,2.68,3.77,2.68,3.5,4.5,3.0,3.0,2.68,2.68
581,4.29,4.45,1.71,1.71,4.25,4.5,1.71,4.35,1.71,1.71,1.71,1.71,4.5,1.71,4.5,1.71,1.71,1.71
582,4.08,4.05,4.0,1.98,4.5,4.0,1.98,3.6,1.98,1.98,1.98,1.98,4.0,3.0,4.5,1.98,1.98,1.98
583,3.0,3.39,3.5,3.5,3.31,2.5,1.23,3.0,1.23,1.23,1.23,1.23,1.23,1.23,1.23,1.23,1.23,1.23
584,4.28,4.44,5.0,3.33,3.73,4.0,2.33,4.08,2.33,2.33,4.0,2.33,5.0,2.33,2.33,4.0,2.33,2.33
585,4.28,3.75,4.0,5.0,4.35,4.56,4.5,4.17,2.14,2.14,2.14,2.14,4.0,2.14,2.14,2.14,2.14,2.14
586,4.42,4.57,4.5,4.25,4.0,3.81,2.24,3.68,4.0,2.24,2.24,2.24,2.24,2.24,2.5,4.5,2.24,2.24
587,4.12,4.18,4.0,4.0,3.78,4.57,2.27,4.25,2.27,3.0,2.27,2.27,4.0,2.27,2.27,2.27,2.27,5.0
588,2.91,2.75,1.36,1.36,3.88,3.86,1.36,3.15,1.36,1.36,1.36,1.36,3.0,1.36,1.36,5.0,1.36,1.36
589,4.0,4.33,1.83,3.33,4.0,4.5,5.0,3.85,1.83,1.83,1.83,1.83,1.83,1.83,1.83,4.0,1.83,1.83
590,3.28,3.48,4.0,2.96,2.99,3.76,3.75,3.74,3.0,4.12,3.0,4.5,3.7,3.5,3.17,3.25,3.17,4.0
591,3.8,4.2,3.0,1.15,3.38,1.15,1.15,2.81,1.15,1.15,1.5,1.15,1.15,1.15,1.15,2.0,1.15,1.15
592,3.7,3.9,3.0,3.5,3.44,4.5,1.72,3.5,1.72,1.72,2.0,1.72,1.72,1.72,1.72,3.5,1.72,1.72
593,2.96,3.0,3.5,3.33,3.12,3.75,1.32,4.04,1.32,1.32,1.32,1.32,1.32,1.32,1.32,1.32,1.32,1.32
594,4.38,4.17,4.5,4.25,4.14,3.0,4.5,3.28,2.39,2.39,1.96,2.39,2.39,4.25,2.39,4.5,2.39,2.39
595,4.0,5.0,4.0,1.69,4.0,4.0,1.69,4.33,5.0,1.69,1.69,1.69,1.69,1.69,1.69,1.69,1.69,1.69
596,3.39,3.76,3.83,3.88,3.41,3.31,4.25,3.6,3.33,3.22,3.2,4.0,4.25,3.5,3.5,3.75,3.22,3.0
597,3.56,3.84,4.33,4.56,4.1,4.26,5.0,4.23,3.27,3.67,4.6,4.0,4.5,3.27,3.27,3.67,3.27,4.5
598,4.3,3.67,1.18,1.18,4.4,2.83,1.18,5.0,1.18,1.18,1.18,1.18,1.0,1.18,1.18,1.18,1.18,1.18
599,2.74,2.67,2.81,2.1,2.4,2.99,3.13,2.8,2.59,3.5,2.14,2.5,3.04,2.7,2.3,2.54,2.53,2.6
600,2.66,3.38,3.18,2.85,3.05,3.21,3.91,2.85,3.5,4.0,2.62,2.46,4.0,3.5,2.46,1.67,2.46,2.46
601,4.36,4.56,4.75,4.5,4.3,4.67,4.0,4.25,2.47,2.47,2.47,2.47,4.62,2.47,4.5,2.47,2.47,2.47
602,3.57,2.82,4.0,2.0,3.42,3.64,3.0,3.23,1.89,1.89,1.89,1.89,4.0,1.89,1.89,4.33,1.89,1.89
603,3.18,3.32,2.82,3.14,3.38,3.96,3.86,3.69,4.33,4.33,3.11,3.67,3.78,3.6,2.82,3.33,2.82,2.82
604,3.62,3.56,3.0,4.0,3.16,3.75,1.95,3.55,3.0,1.95,3.38,1.95,4.0,1.95,1.95,1.95,1.95,1.95
605,3.22,3.25,2.91,3.22,3.26,3.25,1.58,3.15,3.12,1.58,1.58,3.0,1.58,1.58,1.58,1.58,1.58,1.58
606,3.18,3.76,3.61,3.45,3.68,3.83,3.75,3.79,3.4,4.25,3.28,3.67,3.8,3.5,4.0,3.92,3.27,3.27
607,3.72,3.62,3.67,3.83,3.44,4.33,2.44,3.88,4.67,2.44,4.25,2.44,4.0,2.44,2.44,4.5,2.44,2.44
608,3.33,3.1,2.55,1.92,2.71,3.88,3.12,3.53,3.6,2.55,3.25,2.55,4.1,2.55,3.5,3.36,2.55,4.0
609,3.09,3.17,1.5,1.5,3.4,4.0,3.0,3.33,1.5,1.5,3.0,1.5,1.5,1.5,1.5,4.0,1.5,1.5
610,3.6,3.84,4.0,3.31,3.78,3.92,4.25,3.78,3.46,3.13,3.43,3.13,4.35,3.0,3.88,3.67,3.13,4.0
